co_name,herf,release,empl,fac,fg,insp_fac,strictbar,lawbar,spendbar,educbar,pstatus
ABBOTT LABORATORIES,0.2958034,2.898869,40.929,4,0,1.25,0.3333333,2.177786,1.126667,18.63333,0
ABBOTT LABORATORIES,0.3084845,2.895957,43.77,4,0,1.75,0.3333333,2.177786,1.126667,18.63333,0
ABBOTT LABORATORIES,0.2957712,2.675182,45.694,4,0,1,0.3333333,2.177786,1.126667,18.63333,0
ABBOTT LABORATORIES,0.2624353,2.357926,48.118,4,0,0.5,0.3333333,2.177786,1.126667,18.63333,1
ABBOTT LABORATORIES,0.2480811,1.647738,49.659,4,0,0.75,0.3333333,2.177786,1.126667,18.63333,1
ABBOTT LABORATORIES,0.257621,1.771804,49.464,3,0,1.333333,0.3333333,2.177786,1.126667,18.63333,1
ABBOTT LABORATORIES,0.2498261,1.383295,50.241,3,0,1,0.3333333,2.177786,1.126667,18.63333,1
ADC TELECOMMUNICATIONS INC,0.4645282,0.060074,1.896,2,1,0,0,1.832893,0.5,14.8,0
ADC TELECOMMUNICATIONS INC,0.4772724,0.066812,2.111,2,1,0,0,1.832893,0.5,14.8,0
ADC TELECOMMUNICATIONS INC,0.5042985,0.020306,2.428,2,1,0,0,1.832893,0.5,14.8,0
ADC TELECOMMUNICATIONS INC,0.4506418,0.01781,2.462,2,1,0,0,1.832893,0.5,14.8,0
ADC TELECOMMUNICATIONS INC,0.4563253,0.020998,2.644,2,1,0,0,1.832893,0.5,14.8,0
ADC TELECOMMUNICATIONS INC,0.3447736,0.017908,2.984,2,1,0,0,1.832893,0.5,14.8,0
ADC TELECOMMUNICATIONS INC,0.3280428,0.017424,4.62,2,1,0,0,1.832893,0.5,14.8,0
ADC TELECOMMUNICATIONS INC,0.2929079,0.011902,5.924,2,1,0,0,1.832893,0.5,14.8,0
ADC TELECOMMUNICATIONS INC,0.2845238,0.01111,8.032,2,1,0,0,1.832893,0.5,14.8,0
ADVANCED MICRO DEVICES,0.4645282,0.0765,13.072,1,1,0,1,2.676835,0.68,20.4,0
ADVANCED MICRO DEVICES,0.4772724,0.0812,11.997,1,1,0,1,2.676835,0.68,20.4,0
ADVANCED MICRO DEVICES,0.5042985,0.0745,11.254,1,1,0,1,2.676835,0.68,20.4,0
ADVANCED MICRO DEVICES,0.5111452,0.058,11.554,1,1,0,1,2.676835,0.68,20.4,0
ADVANCED MICRO DEVICES,0.4506418,0.064,12.06,1,1,0,1,2.676835,0.68,20.4,0
ADVANCED MICRO DEVICES,0.4563253,0.00075,11.793,1,1,0,1,2.676835,0.68,20.4,0
AIR PRODUCTS & CHEMICALS INC,0.2958034,0.15132,14.1,9,0,0.3333333,0.875,2.978103,1.34,20.3375,0
AIR PRODUCTS & CHEMICALS INC,0.3084845,0.131388,14,8,0,0.375,0.875,2.978103,1.34,20.3375,0
AIR PRODUCTS & CHEMICALS INC,0.2957712,0.13855,14.6,8,0,0.375,0.875,2.978103,1.34,20.3375,0
AIR PRODUCTS & CHEMICALS INC,0.2624353,0.071262,14.5,8,0,0.375,0.875,2.978103,1.34,20.3375,1
AIR PRODUCTS & CHEMICALS INC,0.2480811,0.068057,14.075,8,0,0.125,0.875,2.978103,1.34,20.3375,1
AIR PRODUCTS & CHEMICALS INC,0.257621,0.094554,13.3,5,0,0.6,0.875,2.978103,1.34,20.3375,1
AIR PRODUCTS & CHEMICALS INC,0.2498261,0.062549,14.8,6,0,0.5,0.875,2.978103,1.34,20.3375,1
ALZA CORP,0.2958034,0.000816,0.65,1,0,0,1,3.530346,2.26,23.4,0
ALZA CORP,0.3084845,0.03194,0.683,2,0,0,1,3.530346,2.26,23.4,0
ALZA CORP,0.2957712,0.05285,0.838,2,0,0,1,3.530346,2.26,23.4,0
ALZA CORP,0.2624353,0.0203,1.071,1,0,0,1,3.530346,2.26,23.4,0
ALZA CORP,0.2480811,0.041282,1.078,2,0,0,1,3.530346,2.26,23.4,0
ALZA CORP,0.257621,0.079758,1.288,2,0,0,1,3.530346,2.26,23.4,0
ALZA CORP,0.2498261,0.01044,1.444,1,0,0,1,3.530346,2.26,23.4,0
AMERICAN STANDARD COS INC,0.4010057,0.71859,33.3,12,1,0.5,0.7777778,2.307423,0.9377778,17.41111,0
AMERICAN STANDARD COS INC,0.4317064,0.469393,32.9,9,1,0.5555556,0.7777778,2.307423,0.9377778,17.41111,0
AMERICAN STANDARD COS INC,0.4661651,0.391769,32,9,1,0.4444444,0.7777778,2.307423,0.9377778,17.41111,0
AMERICAN STANDARD COS INC,0.5013952,0.389738,33.5,10,1,0.5,0.7777778,2.307423,0.9377778,17.41111,1
AMERICAN STANDARD COS INC,0.5022098,0.282203,36,8,1,0.375,0.7777778,2.307423,0.9377778,17.41111,1
AMERICAN STANDARD COS INC,0.5091329,0.29431,38,8,1,0.375,0.7777778,2.307423,0.9377778,17.41111,1
AMERICAN STANDARD COS INC,0.3766557,0.064498,43,6,1,0.3333333,0.7777778,2.307423,0.9377778,17.41111,1
AMOCO CORP,0.5510783,0.205438,53.653,2,1,1,0.5,2.471721,1.27,18.95,0
AMOCO CORP,0.5199822,0.128402,54.524,2,1,1.5,0.5,2.471721,1.27,18.95,0
AMOCO CORP,0.5258418,0.087222,54.12,2,1,1,0.5,2.471721,1.27,18.95,0
AMOCO CORP,0.5304077,0.01352,46.994,2,1,1.5,0.5,2.471721,1.27,18.95,1
AMOCO CORP,0.5273799,0.00122,46.317,3,1,0.6666667,0.5,2.471721,1.27,18.95,1
AMOCO CORP,0.5059202,0.001063,43.205,4,1,1.75,0.5,2.471721,1.27,18.95,1
AMOCO CORP,0.5056727,0.00026,42.689,1,1,1,0.5,2.471721,1.27,18.95,1
AMP INC,0.4645282,0.420391,24.4,7,1,0,0.8571429,3.637287,1.404286,22.52857,0
AMP INC,0.4772724,0.378913,24.7,7,1,0,0.8571429,3.637287,1.404286,22.52857,0
AMP INC,0.5042985,0.203546,25,7,1,0.1428571,0.8571429,3.637287,1.404286,22.52857,0
AMP INC,0.5111452,0.115104,25.1,3,1,0,0.8571429,3.637287,1.404286,22.52857,1
AMP INC,0.4506418,0.05047,26.9,2,1,0.5,0.8571429,3.637287,1.404286,22.52857,1
AMP INC,0.4563253,0.025994,30.4,1,1,0,0.8571429,3.637287,1.404286,22.52857,1
AMP INC,0.3447736,0.019069,40.8,1,1,1,0.8571429,3.637287,1.404286,22.52857,1
AMP INC,0.3280428,0.025303,44.985,2,1,0,0.8571429,3.637287,1.404286,22.52857,1
AMP INC,0.2929079,0.007379,46.526,2,1,0,0.8571429,3.637287,1.404286,22.52857,1
ANDREW CORP,0.3295921,0.3498,2.87,4,0,0,1,3.12257,1.53,20.75,0
ANDREW CORP,0.3336366,0.232728,3.2,4,0,0.25,1,3.12257,1.53,20.75,0
ANDREW CORP,0.3314882,0.06689,3.37,4,0,0,1,3.12257,1.53,20.75,0
ANDREW CORP,0.3142032,0.034072,3.345,2,0,0,1,3.12257,1.53,20.75,0
APPLE COMPUTER INC,0.4317064,4.00E-06,14.528,2,1,0,1,3.530346,2.26,23.4,0
APPLE COMPUTER INC,0.4661651,4.00E-06,14.432,2,1,0,1,3.530346,2.26,23.4,0
APPLE COMPUTER INC,0.5013952,2.00E-06,14.798,2,1,0,1,3.530346,2.26,23.4,0
ARMCO INC,0.3295921,0.265536,10.5,7,0,0.4285714,0.875,2.316815,0.7875,17.3125,0
ARMCO INC,0.3336366,0.177634,9.8,8,0,0.125,0.875,2.316815,0.7875,17.3125,0
ARMCO INC,0.3314882,0.068529,9.2,6,0,0.6666667,0.875,2.316815,0.7875,17.3125,0
ARMCO INC,0.3150555,0.04232,11.5,5,0,0.8,0.875,2.316815,0.7875,17.3125,1
ARMCO INC,0.3187582,0.0714,6.6,3,0,0.3333333,0.875,2.316815,0.7875,17.3125,1
ARMCO INC,0.3253061,0.068943,5.5,2,0,0,0.875,2.316815,0.7875,17.3125,1
ARMCO INC,0.3142032,1.00E-06,5.9,1,0,3,0.875,2.316815,0.7875,17.3125,1
ARMCO INC,0.2584994,0.024972,6,1,0,0,0.875,2.316815,0.7875,17.3125,1
AVERY DENNISON CORP,0.4227918,0.691206,11.715,16,1,0.6875,0.9230769,2.528997,0.9523077,18.88461,0
AVERY DENNISON CORP,0.4947462,0.486113,18.816,14,1,0.7142857,0.9230769,2.528997,0.9523077,18.88461,0
AVERY DENNISON CORP,0.4639105,0.635503,17.095,11,1,0.9090909,0.9230769,2.528997,0.9523077,18.88461,0
AVERY DENNISON CORP,0.4670856,0.422512,16.55,12,1,0.5833333,0.9230769,2.528997,0.9523077,18.88461,0
AVERY DENNISON CORP,0.4592077,0.210147,15.75,11,1,0.9090909,0.9230769,2.528997,0.9523077,18.88461,0
AVERY DENNISON CORP,0.4021497,0.224418,15.4,11,1,1,0.9230769,2.528997,0.9523077,18.88461,0
AVERY DENNISON CORP,0.4324913,0.159063,15.5,9,1,2.111111,0.9230769,2.528997,0.9523077,18.88461,0
AVERY DENNISON CORP,0.4203516,0.08423,15.8,13,1,0,0.9230769,2.528997,0.9523077,18.88461,0
AVERY DENNISON CORP,0.4304536,0.144318,16.2,11,1,0,0.9230769,2.528997,0.9523077,18.88461,0
AVERY DENNISON CORP,0.3970185,0.16664,16.1,10,1,0,0.9230769,2.528997,0.9523077,18.88461,0
BALL CORP,0.4709374,0.755024,7.154,17,1,0.8235294,0.7222222,2.660332,1.027222,19.13889,0
BALL CORP,0.5096332,0.667186,12.514,19,1,0.6315789,0.7222222,2.660332,1.027222,19.13889,0
BALL CORP,0.5664284,0.157401,12.589,8,1,1.625,0.7222222,2.660332,1.027222,19.13889,1
BALL CORP,0.5303568,0.373915,13.954,5,1,2.4,0.7222222,2.660332,1.027222,19.13889,1
BALL CORP,0.4719072,0.31299,12.859,5,1,2,0.7222222,2.660332,1.027222,19.13889,1
BALL CORP,0.416917,0.2273,7.424,4,1,2.75,0.7222222,2.660332,1.027222,19.13889,1
BALL CORP,0.5050402,0.1768,8.081,6,1,0,0.7222222,2.660332,1.027222,19.13889,1
BALL CORP,0.505349,0.1529,10.518,5,1,0,0.7222222,2.660332,1.027222,19.13889,1
BALL CORP,0.4520538,0.12483,12.622,4,1,0,0.7222222,2.660332,1.027222,19.13889,1
BAUSCH & LOMB INC,0.2958034,0.1003,12.5,1,0,0,1,5.052177,0.99,26.5,0
BAUSCH & LOMB INC,0.3084845,0.0897,13,1,0,0,1,5.052177,0.99,26.5,0
BAUSCH & LOMB INC,0.2957712,0.084421,13.7,1,0,0,1,5.052177,0.99,26.5,0
BAUSCH & LOMB INC,0.2624353,0.072404,14.5,1,0,0,1,5.052177,0.99,26.5,0
BAUSCH & LOMB INC,0.2480811,0.051142,15.9,1,0,0,1,5.052177,0.99,26.5,0
BAUSCH & LOMB INC,0.257621,0.033649,14.4,1,0,0,1,5.052177,0.99,26.5,0
BAUSCH & LOMB INC,0.2498261,0.022515,14,1,0,0,1,5.052177,0.99,26.5,0
BECTON DICKINSON & CO,0.6186959,0.068449,18.8,1,0,0,1,2.261539,0.34,19,0
BECTON DICKINSON & CO,0.5840207,0.119106,18.5,3,0,0,1,2.261539,0.34,19,0
BECTON DICKINSON & CO,0.6096238,0.119099,18.6,3,0,0,1,2.261539,0.34,19,0
BECTON DICKINSON & CO,0.5824823,0.112788,19.1,3,0,0,1,2.261539,0.34,19,0
BECTON DICKINSON & CO,0.5318273,0.080437,19,2,0,0,1,2.261539,0.34,19,0
BECTON DICKINSON & CO,0.5230375,0.045439,18.6,2,0,0,1,2.261539,0.34,19,0
BECTON DICKINSON & CO,0.5207126,0.071681,18.1,2,0,0,1,2.261539,0.34,19,0
BECTON DICKINSON & CO,0.4953898,0.03722,17.9,4,0,0,1,2.261539,0.34,19,0
BECTON DICKINSON & CO,0.4451993,0.012605,18.9,3,0,0,1,2.261539,0.34,19,0
BECTON DICKINSON & CO,0.4686616,0.011705,21.7,3,0,0,1,2.261539,0.34,19,0
BETHLEHEM STEEL CORP,0.3295921,3.342801,30.5,12,0,0.5833333,0.9166667,3.140059,0.9441667,19.575,0
BETHLEHEM STEEL CORP,0.3336366,3.032718,29.6,12,0,0.6666667,0.9166667,3.140059,0.9441667,19.575,0
BETHLEHEM STEEL CORP,0.3314882,1.650632,26.4,12,0,0.5833333,0.9166667,3.140059,0.9441667,19.575,0
BETHLEHEM STEEL CORP,0.3150555,1.015485,22.2,12,0,1.083333,0.9166667,3.140059,0.9441667,19.575,1
BETHLEHEM STEEL CORP,0.3187582,0.506602,20.7,9,0,3.111111,0.9166667,3.140059,0.9441667,19.575,1
BETHLEHEM STEEL CORP,0.3253061,0.473535,19.9,9,0,2.222222,0.9166667,3.140059,0.9441667,19.575,1
BETHLEHEM STEEL CORP,0.3142032,0.709429,18.3,9,0,1.222222,0.9166667,3.140059,0.9441667,19.575,1
BETHLEHEM STEEL CORP,0.2902728,1.077487,17.5,23,0,0,0.9166667,3.140059,0.9441667,19.575,1
BETHLEHEM STEEL CORP,0.2584994,0.940197,15.6,22,0,0,0.9166667,3.140059,0.9441667,19.575,1
BETHLEHEM STEEL CORP,0.2944652,1.048225,17,20,0,0,0.9166667,3.140059,0.9441667,19.575,1
BLACK & DECKER CORP,0.4010057,0.464554,38.6,9,1,0.1111111,0.8181818,3.111997,1.324546,21.40909,0
BLACK & DECKER CORP,0.4317064,0.500561,43.4,11,1,0.0909091,0.8181818,3.111997,1.324546,21.40909,0
BLACK & DECKER CORP,0.4661651,0.351525,38.6,9,1,0.1111111,0.8181818,3.111997,1.324546,21.40909,0
BLACK & DECKER CORP,0.5013952,0.348362,38.8,10,1,0.1,0.8181818,3.111997,1.324546,21.40909,1
BLACK & DECKER CORP,0.5022098,0.264451,37.3,9,1,0.1111111,0.8181818,3.111997,1.324546,21.40909,1
BLACK & DECKER CORP,0.5091329,0.238108,35.8,6,1,0.1666667,0.8181818,3.111997,1.324546,21.40909,1
BLACK & DECKER CORP,0.3766557,0.254674,29.3,3,1,0.3333333,0.8181818,3.111997,1.324546,21.40909,1
BLACK & DECKER CORP,0.322005,0.216435,29.2,13,1,0,0.8181818,3.111997,1.324546,21.40909,1
BLACK & DECKER CORP,0.2834762,0.155429,28.6,10,1,0,0.8181818,3.111997,1.324546,21.40909,1
BLACK & DECKER CORP,0.2966833,0.056159,21.8,11,1,0,0.8181818,3.111997,1.324546,21.40909,1
BOEING CO,0.4313625,11.92587,164.5,24,1,0.3333333,0.9545454,2.965567,1.545,21.85,0
BOEING CO,0.427019,13.06426,160.5,23,1,0.2608696,0.9545454,2.965567,1.545,21.85,0
BOEING CO,0.4496784,11.4359,155.7,23,1,0.5652174,0.9545454,2.965567,1.545,21.85,0
BOEING CO,0.4563823,7.606327,142,20,1,0.55,0.9545454,2.965567,1.545,21.85,1
BOEING CO,0.460003,5.203229,123,21,1,0.4285714,0.9545454,2.965567,1.545,21.85,1
BOEING CO,0.4596917,3.902478,115,20,1,0.4,0.9545454,2.965567,1.545,21.85,1
BOEING CO,0.4619746,2.526241,105,17,1,0.6470588,0.9545454,2.965567,1.545,21.85,1
BOEING CO,0.457313,2.568558,143,46,1,0,0.9545454,2.965567,1.545,21.85,1
BOEING CO,0.4438477,2.939523,238,46,1,0,0.9545454,2.965567,1.545,21.85,1
BOEING CO,0.4557282,2.206625,231,45,1,0,0.9545454,2.965567,1.545,21.85,1
BRISTOL MYERS SQUIBB,0.2958034,2.628965,54.1,9,0,0.8888889,0.7142857,3.062153,1.382857,21.01429,0
BRISTOL MYERS SQUIBB,0.3084845,2.436864,52.9,9,0,0.7777778,0.7142857,3.062153,1.382857,21.01429,0
BRISTOL MYERS SQUIBB,0.2957712,1.922297,53.5,8,0,0.875,0.7142857,3.062153,1.382857,21.01429,0
BRISTOL MYERS SQUIBB,0.2624353,1.463637,52.6,8,0,1.625,0.7142857,3.062153,1.382857,21.01429,1
BRISTOL MYERS SQUIBB,0.2480811,1.419187,49.5,8,0,0.5,0.7142857,3.062153,1.382857,21.01429,1
BRISTOL MYERS SQUIBB,0.257621,1.157552,47.7,5,0,1.2,0.7142857,3.062153,1.382857,21.01429,1
BRISTOL MYERS SQUIBB,0.2498261,0.572601,49.14,5,0,2.2,0.7142857,3.062153,1.382857,21.01429,1
BRUNSWICK CORP,0.7133571,1.096376,25.7,24,1,0.2083333,0.8,2.499591,0.7904,18.744,0
BRUNSWICK CORP,0.628463,1.058023,20.5,23,1,0.2173913,0.8,2.499591,0.7904,18.744,0
BRUNSWICK CORP,0.69131,1.039729,19.5,20,1,0.4,0.8,2.499591,0.7904,18.744,0
BRUNSWICK CORP,0.6552648,0.730427,17,14,1,0.3571429,0.8,2.499591,0.7904,18.744,0
BRUNSWICK CORP,0.7211034,0.714819,18,15,1,0.4666667,0.8,2.499591,0.7904,18.744,0
BRUNSWICK CORP,0.7116644,1.056269,20.8,18,1,0.5,0.8,2.499591,0.7904,18.744,0
BRUNSWICK CORP,0.7265199,0.842364,20.9,18,1,0.4444444,0.8,2.499591,0.7904,18.744,0
BRUNSWICK CORP,0.7072997,0.666301,22.8,20,1,0,0.8,2.499591,0.7904,18.744,0
BRUNSWICK CORP,0.8220004,0.615701,25.3,20,1,0,0.8,2.499591,0.7904,18.744,0
BRUNSWICK CORP,0.8085476,0.296775,25.5,10,1,0,0.8,2.499591,0.7904,18.744,0
CAMPBELL SOUP CO,0.3494032,0.03575,55.412,1,1,1,1,2.329059,1.02,17,0
CAMPBELL SOUP CO,0.3722226,0.009355,49.941,1,1,1,1,2.329059,1.02,17,0
CAMPBELL SOUP CO,0.3642035,0.007081,44.934,1,1,1,1,2.329059,1.02,17,0
CAMPBELL SOUP CO,0.3493484,0.015,43.781,1,1,1,1,2.329059,1.02,17,0
CAMPBELL SOUP CO,0.3157603,0.002539,37,1,1,0,1,2.329059,1.02,17,0
CATERPILLAR INC,0.4010057,1.256335,60.409,16,1,0.75,1,3.237054,1.85375,20.75,0
CATERPILLAR INC,0.4317064,0.811032,58.448,14,1,0.5714286,1,3.237054,1.85375,20.75,0
CATERPILLAR INC,0.4661651,0.750277,53.636,13,1,1.153846,1,3.237054,1.85375,20.75,0
CATERPILLAR INC,0.5013952,0.494876,50.749,13,1,1.307692,1,3.237054,1.85375,20.75,1
CATERPILLAR INC,0.5022098,0.715888,51.25,13,1,1.153846,1,3.237054,1.85375,20.75,1
CATERPILLAR INC,0.5091329,0.718852,53.986,13,1,1.769231,1,3.237054,1.85375,20.75,1
CATERPILLAR INC,0.3766557,0.380256,54.352,14,1,1.285714,1,3.237054,1.85375,20.75,1
CATERPILLAR INC,0.322005,0.796476,57.026,27,1,0,1,3.237054,1.85375,20.75,1
CATERPILLAR INC,0.2834762,0.673794,59.863,25,1,0,1,3.237054,1.85375,20.75,1
CATERPILLAR INC,0.2966833,0.513422,65.824,27,1,0,1,3.237054,1.85375,20.75,1
CHEMFIRST INC,0.2958034,0.052405,0.969,3,0,1.666667,1,2.562679,0.9,19.45,0
CHEMFIRST INC,0.3084845,0.02121,1.198,2,0,0.5,1,2.562679,0.9,19.45,0
CHEMFIRST INC,0.2957712,0.029806,1.259,3,0,0.6666667,1,2.562679,0.9,19.45,0
CHEMFIRST INC,0.2624353,0.032901,1.347,3,0,1.333333,1,2.562679,0.9,19.45,1
CHEMFIRST INC,0.2480811,0.025534,1.142,3,0,0.3333333,1,2.562679,0.9,19.45,1
CHEMFIRST INC,0.2380322,0.007157,1.175,7,0,0,1,2.562679,0.9,19.45,1
CHEMFIRST INC,0.2177674,0.011329,1.087,8,0,0,1,2.562679,0.9,19.45,1
COMPAQ COMPUTER CORP,0.4010057,0.00025,9.5,1,1,0,1,2.676835,0.68,20.4,0
COMPAQ COMPUTER CORP,0.4317064,1.00E-06,11.4,1,1,0,1,2.676835,0.68,20.4,0
COMPAQ COMPUTER CORP,0.4661651,1.00E-06,10,1,1,0,1,2.676835,0.68,20.4,0
COMPAQ COMPUTER CORP,0.5013952,1.00E-06,9.5,1,1,0,1,2.676835,0.68,20.4,0
COMPAQ COMPUTER CORP,0.5022098,1.00E-06,10.541,1,1,0,1,2.676835,0.68,20.4,0
COMPAQ COMPUTER CORP,0.5091329,1.00E-06,14.372,1,1,0,1,2.676835,0.68,20.4,0
COMPAQ COMPUTER CORP,0.3766557,1.00E-06,17.055,1,1,0,1,2.676835,0.68,20.4,0
CORNING INC,0.3295921,2.354913,27.5,14,0,0.2142857,0.3846154,3.406984,1.062308,20.73846,0
CORNING INC,0.3336366,1.703463,28.6,13,0,0.1538462,0.3846154,3.406984,1.062308,20.73846,0
CORNING INC,0.3314882,1.296032,30.7,11,0,0.5454546,0.3846154,3.406984,1.062308,20.73846,0
CORNING INC,0.3150555,1.711513,31.1,11,0,0.8181818,0.3846154,3.406984,1.062308,20.73846,1
CORNING INC,0.3187582,1.489015,39.2,9,0,0.4444444,0.3846154,3.406984,1.062308,20.73846,1
CORNING INC,0.3253061,1.284587,43,10,0,0.1,0.3846154,3.406984,1.062308,20.73846,1
CORNING INC,0.3142032,1.24073,41,12,0,0.1666667,0.3846154,3.406984,1.062308,20.73846,1
CORNING INC,0.2902728,1.042442,20,13,0,0,0.3846154,3.406984,1.062308,20.73846,1
CORNING INC,0.2584994,1.54016,16.1,14,0,0,0.3846154,3.406984,1.062308,20.73846,1
CORNING INC,0.2944652,0.872278,15.4,12,0,0,0.3846154,3.406984,1.062308,20.73846,1
CRANE CO,0.4709374,0.507889,10.7,9,0,0.2222222,0.875,2.399843,1.12125,17.9,0
CRANE CO,0.5096332,0.561875,10,9,0,0.2222222,0.875,2.399843,1.12125,17.9,0
CRANE CO,0.5399727,0.290083,9,7,0,0.5714286,0.875,2.399843,1.12125,17.9,0
CRANE CO,0.5664284,0.1464,8.5,7,0,0.5714286,0.875,2.399843,1.12125,17.9,0
CRANE CO,0.5303568,0.251811,8.7,7,0,0.1428571,0.875,2.399843,1.12125,17.9,0
CRANE CO,0.4719072,0.210482,10.7,7,0,0.7142857,0.875,2.399843,1.12125,17.9,0
CRANE CO,0.416917,0.128977,10,6,0,0.8333333,0.875,2.399843,1.12125,17.9,0
CRANE CO,0.5050402,0.074426,10.6,7,0,0,0.875,2.399843,1.12125,17.9,0
CRANE CO,0.505349,0.042067,11,5,0,0,0.875,2.399843,1.12125,17.9,0
CRANE CO,0.4520538,0.000934,12.5,4,0,0,0.875,2.399843,1.12125,17.9,0
CUMMINS INC,0.4317064,0.097806,24.9,1,1,1,1,1.682991,0.85,15.6,0
CUMMINS INC,0.4661651,0.0615,22.9,1,1,1,1,1.682991,0.85,15.6,0
CUMMINS INC,0.5013952,0.00075,23.4,1,1,1,1,1.682991,0.85,15.6,0
CUMMINS INC,0.5022098,0.0015,23.6,1,1,1,1,1.682991,0.85,15.6,0
CUMMINS INC,0.5091329,0.0005,25.6,1,1,1,1,1.682991,0.85,15.6,0
CUMMINS INC,0.3766557,0.0005,24.3,1,1,0,1,1.682991,0.85,15.6,0
CUMMINS INC,0.322005,0.0015,23.5,2,1,0,1,1.682991,0.85,15.6,0
CUMMINS INC,0.2834762,0.00005,26.3,2,1,0,1,1.682991,0.85,15.6,0
CUMMINS INC,0.2966833,0.00006,28.3,2,1,0,1,1.682991,0.85,15.6,0
DANA CORP,0.4313625,2.367539,37.5,35,1,0.4,0.7380952,2.222739,0.8354762,17.27381,0
DANA CORP,0.427019,1.773549,36.5,40,1,0.3,0.7380952,2.222739,0.8354762,17.27381,0
DANA CORP,0.4496784,1.335453,35,40,1,0.25,0.7380952,2.222739,0.8354762,17.27381,0
DANA CORP,0.4563823,1.493203,35,38,1,0.3947369,0.7380952,2.222739,0.8354762,17.27381,1
DANA CORP,0.460003,1.354993,36,36,1,0.25,0.7380952,2.222739,0.8354762,17.27381,1
DANA CORP,0.4596917,1.485744,39.5,38,1,0.3421053,0.7380952,2.222739,0.8354762,17.27381,1
DANA CORP,0.4619746,1.092083,45.9,32,1,0.40625,0.7380952,2.222739,0.8354762,17.27381,1
DANA CORP,0.457313,1.086899,46.1,52,1,0,0.7380952,2.222739,0.8354762,17.27381,1
DANA CORP,0.4438477,0.766827,47.9,49,1,0,0.7380952,2.222739,0.8354762,17.27381,1
DANA CORP,0.4557282,0.648227,86.4,57,1,0,0.7380952,2.222739,0.8354762,17.27381,1
DEERE & CO,0.4010057,1.339719,38.949,11,1,0.8181818,1,2.14449,0.6233333,17.64167,0
DEERE & CO,0.4317064,0.801209,38.493,11,1,0.6363636,1,2.14449,0.6233333,17.64167,0
DEERE & CO,0.4661651,0.642144,36.469,11,1,0.9090909,1,2.14449,0.6233333,17.64167,0
DEERE & CO,0.5013952,0.496557,34.524,11,1,0.1818182,1,2.14449,0.6233333,17.64167,1
DEERE & CO,0.5022098,0.463413,33.07,10,1,1.6,1,2.14449,0.6233333,17.64167,1
DEERE & CO,0.5091329,0.465886,34.252,11,1,0.9090909,1,2.14449,0.6233333,17.64167,1
DEERE & CO,0.3766557,0.412904,33.375,10,1,0.8,1,2.14449,0.6233333,17.64167,1
DEERE & CO,0.322005,0.328427,33.919,15,1,0,1,2.14449,0.6233333,17.64167,1
DEERE & CO,0.2834762,0.438719,34.4,13,1,0,1,2.14449,0.6233333,17.64167,1
DEERE & CO,0.2966833,0.246159,37,15,1,0,1,2.14449,0.6233333,17.64167,1
DOVER CORP,0.4010057,0.612637,20.049,9,1,0,0.7777778,3.258045,1.081111,21.2,0
DOVER CORP,0.4317064,0.544364,20.461,8,1,0.375,0.7777778,3.258045,1.081111,21.2,0
DOVER CORP,0.4661651,0.527279,18.898,8,1,0.125,0.7777778,3.258045,1.081111,21.2,0
DOVER CORP,0.5013952,0.263968,18.827,9,1,0,0.7777778,3.258045,1.081111,21.2,0
DOVER CORP,0.5022098,0.225462,20.445,7,1,0,0.7777778,3.258045,1.081111,21.2,0
DOVER CORP,0.5091329,0.333438,22.992,7,1,0,0.7777778,3.258045,1.081111,21.2,0
DOVER CORP,0.3766557,0.336345,25.332,9,1,0,0.7777778,3.258045,1.081111,21.2,0
DOVER CORP,0.322005,0.146445,26.234,12,1,0,0.7777778,3.258045,1.081111,21.2,0
DOVER CORP,0.2834762,0.124916,28.758,10,1,0,0.7777778,3.258045,1.081111,21.2,0
DOVER CORP,0.2966833,0.147245,23.314,10,1,0,0.7777778,3.258045,1.081111,21.2,0
EASTMAN KODAK CO,0.6186959,8.416525,137.75,7,0,0.4285714,0.4285714,4.127182,1.422857,22.58571,0
EASTMAN KODAK CO,0.5840207,6.904819,134.45,7,0,0.5714286,0.4285714,4.127182,1.422857,22.58571,0
EASTMAN KODAK CO,0.6096238,5.604965,133.2,4,0,0.75,0.4285714,4.127182,1.422857,22.58571,0
EASTMAN KODAK CO,0.5824823,5.255391,132.6,4,0,1.5,0.4285714,4.127182,1.422857,22.58571,1
EASTMAN KODAK CO,0.5318273,3.947211,110.4,4,0,1.25,0.4285714,4.127182,1.422857,22.58571,1
EASTMAN KODAK CO,0.5230375,3.314916,96.3,4,0,0.75,0.4285714,4.127182,1.422857,22.58571,1
EASTMAN KODAK CO,0.5207126,3.208133,96.6,4,0,0.5,0.4285714,4.127182,1.422857,22.58571,1
EASTMAN KODAK CO,0.4953898,3.397201,94.8,12,0,0,0.4285714,4.127182,1.422857,22.58571,1
EASTMAN KODAK CO,0.4451993,2.85879,97.5,11,0,0,0.4285714,4.127182,1.422857,22.58571,1
EASTMAN KODAK CO,0.4686616,2.781487,86.2,11,0,0,0.4285714,4.127182,1.422857,22.58571,1
EATON CORP,0.4313625,2.592946,38.734,43,1,0.3255814,0.8,2.3009,0.9732,18.276,0
EATON CORP,0.427019,1.785088,36.603,47,1,0.2978723,0.8,2.3009,0.9732,18.276,0
EATON CORP,0.4496784,1.312023,35.656,34,1,0.2647059,0.8,2.3009,0.9732,18.276,0
EATON CORP,0.4563823,1.136067,37.143,33,1,0.4848485,0.8,2.3009,0.9732,18.276,1
EATON CORP,0.460003,0.662715,38,28,1,0.25,0.8,2.3009,0.9732,18.276,1
EATON CORP,0.4596917,0.482874,51,29,1,0.1724138,0.8,2.3009,0.9732,18.276,1
EATON CORP,0.4619746,0.548124,52,22,1,0.6818182,0.8,2.3009,0.9732,18.276,1
EATON CORP,0.457313,0.514893,54,37,1,0,0.8,2.3009,0.9732,18.276,1
EATON CORP,0.4438477,0.429851,49,32,1,0,0.8,2.3009,0.9732,18.276,1
EATON CORP,0.4557282,0.58308,49.5,32,1,0,0.8,2.3009,0.9732,18.276,1
ECHLIN INC,0.4313625,0.132683,16.2,7,1,0.2857143,1,3.08341,1.556667,21.28333,0
ECHLIN INC,0.427019,0.152543,17.3,7,1,0.1428571,1,3.08341,1.556667,21.28333,0
ECHLIN INC,0.4496784,0.149098,17.8,6,1,0.1666667,1,3.08341,1.556667,21.28333,0
ECHLIN INC,0.4563823,0.140073,17.9,8,1,0.125,1,3.08341,1.556667,21.28333,1
ECHLIN INC,0.460003,0.081987,18.6,6,1,0.1666667,1,3.08341,1.556667,21.28333,1
ECHLIN INC,0.4596917,0.007284,20.6,4,1,0.25,1,3.08341,1.556667,21.28333,1
ECHLIN INC,0.4619746,0.000015,23.4,2,1,0.5,1,3.08341,1.556667,21.28333,1
ECHLIN INC,0.457313,0.00003,27.7,4,1,0,1,3.08341,1.556667,21.28333,1
ECHLIN INC,0.4438477,0.000015,31.3,3,1,0,1,3.08341,1.556667,21.28333,1
ECOLAB INC,0.2958034,0.00075,13.09,2,0,0,1,1.682991,0.85,15.6,0
ECOLAB INC,0.3084845,0.00025,13.467,1,0,0,1,1.682991,0.85,15.6,0
ECOLAB INC,0.2957712,0.00025,7.263,1,0,0,1,1.682991,0.85,15.6,0
ECOLAB INC,0.2624353,0.00063,7.385,1,0,0,1,1.682991,0.85,15.6,0
ECOLAB INC,0.2480811,0.00027,7.586,2,0,0,1,1.682991,0.85,15.6,0
ECOLAB INC,0.257621,0.00002,8.2,1,0,0,1,1.682991,0.85,15.6,0
ECOLAB INC,0.2498261,0.000555,9.026,1,0,0,1,1.682991,0.85,15.6,0
ECOLAB INC,0.2304806,0.000541,9.573,3,0,0,1,1.682991,0.85,15.6,0
ECOLAB INC,0.2380322,0.00052,10.21,2,0,0,1,1.682991,0.85,15.6,0
ECOLAB INC,0.2177674,0.00052,12.007,2,0,0,1,1.682991,0.85,15.6,0
EXXON MOBIL CORP,0.5510783,3.009714,104,15,1,0.4,1,2.974339,1.241429,20.05,0
EXXON MOBIL CORP,0.5199822,2.902691,104,14,1,0.3571429,1,2.974339,1.241429,20.05,0
EXXON MOBIL CORP,0.5258418,2.169534,101,15,1,0.4,1,2.974339,1.241429,20.05,0
EXXON MOBIL CORP,0.5304077,1.999633,95,15,1,0.2666667,1,2.974339,1.241429,20.05,1
EXXON MOBIL CORP,0.5273799,1.572404,91,15,1,0.5333334,1,2.974339,1.241429,20.05,1
EXXON MOBIL CORP,0.5059202,1.550896,86,15,1,0.3333333,1,2.974339,1.241429,20.05,1
EXXON MOBIL CORP,0.5056727,1.165742,82,13,1,0.3846154,1,2.974339,1.241429,20.05,1
EXXON MOBIL CORP,0.4710263,1.20581,79,46,1,0,1,2.974339,1.241429,20.05,1
EXXON MOBIL CORP,0.4623066,1.158133,80,50,1,0,1,2.974339,1.241429,20.05,1
EXXON MOBIL CORP,0.4939952,1.28783,79,153,1,0,1,2.974339,1.241429,20.05,1
FEDDERS CORP,0.4010057,0.204824,2.761,3,1,0.3333333,1,4.310241,1.685,23.8,0
FEDDERS CORP,0.4317064,0.047808,2.2,2,1,1,1,4.310241,1.685,23.8,0
FEDDERS CORP,0.5013952,0.028769,1.7,2,1,0,1,4.310241,1.685,23.8,0
FEDDERS CORP,0.5022098,0.072054,1.1,1,1,1,1,4.310241,1.685,23.8,0
FEDDERS CORP,0.5091329,0.061755,1.8,1,1,1,1,4.310241,1.685,23.8,0
FEDDERS CORP,0.3766557,0.054649,2,1,1,1,1,4.310241,1.685,23.8,0
FMC CORP,0.2958034,0.415231,24.11,16,0,0.125,0.8125,3.304012,1.393125,20.89375,0
FMC CORP,0.3084845,0.234573,23.882,15,0,0.2,0.8125,3.304012,1.393125,20.89375,0
FMC CORP,0.2957712,0.123061,23.15,13,0,0.3076923,0.8125,3.304012,1.393125,20.89375,0
FMC CORP,0.2624353,0.091106,22.097,16,0,0.375,0.8125,3.304012,1.393125,20.89375,1
FMC CORP,0.2480811,0.040292,20.696,10,0,0.5,0.8125,3.304012,1.393125,20.89375,1
FMC CORP,0.257621,0.023828,21.344,11,0,0.1818182,0.8125,3.304012,1.393125,20.89375,1
FMC CORP,0.2498261,0.070439,22.164,8,0,0.375,0.8125,3.304012,1.393125,20.89375,1
FMC CORP,0.2304806,0.071447,22.048,17,0,0,0.8125,3.304012,1.393125,20.89375,1
FMC CORP,0.2380322,0.078857,16.805,12,0,0,0.8125,3.304012,1.393125,20.89375,1
FMC CORP,0.2177674,0.019802,16.216,12,0,0,0.8125,3.304012,1.393125,20.89375,1
FORD MOTOR CO,0.4313625,13.30639,366.641,30,1,1.566667,0.8780488,2.367957,0.812439,17.64634,0
FORD MOTOR CO,0.427019,9.15535,370.383,30,1,1.533333,0.8780488,2.367957,0.812439,17.64634,0
FORD MOTOR CO,0.4496784,9.226644,332.7,30,1,2.066667,0.8780488,2.367957,0.812439,17.64634,0
FORD MOTOR CO,0.4563823,8.988747,325.333,29,1,2.137931,0.8780488,2.367957,0.812439,17.64634,1
FORD MOTOR CO,0.460003,10.5271,322.213,31,1,1.193548,0.8780488,2.367957,0.812439,17.64634,1
FORD MOTOR CO,0.4596917,10.8491,337.778,31,1,1.419355,0.8780488,2.367957,0.812439,17.64634,1
FORD MOTOR CO,0.4619746,9.757136,346.99,31,1,1.83871,0.8780488,2.367957,0.812439,17.64634,1
FORD MOTOR CO,0.457313,10.3242,371.702,104,1,0,0.8780488,2.367957,0.812439,17.64634,1
FORD MOTOR CO,0.4438477,9.033697,363.892,104,1,0,0.8780488,2.367957,0.812439,17.64634,1
FORD MOTOR CO,0.4557282,7.865842,345.175,102,1,0,0.8780488,2.367957,0.812439,17.64634,1
FORTUNE BRANDS INC,0.4709374,1.506107,47.3,16,1,0.5625,0.8666667,2.284612,1.275333,18.00667,0
FORTUNE BRANDS INC,0.5096332,1.440366,49,15,1,0.4,0.8666667,2.284612,1.275333,18.00667,0
FORTUNE BRANDS INC,0.5399727,1.020703,47.6,16,1,0.5,0.8666667,2.284612,1.275333,18.00667,0
FORTUNE BRANDS INC,0.5664284,0.992072,46.2,16,1,0.5,0.8666667,2.284612,1.275333,18.00667,1
FORTUNE BRANDS INC,0.5303568,0.809201,45.6,17,1,0.5294118,0.8666667,2.284612,1.275333,18.00667,1
FORTUNE BRANDS INC,0.4719072,0.84173,34.82,17,1,0.4705882,0.8666667,2.284612,1.275333,18.00667,1
FORTUNE BRANDS INC,0.416917,1.089795,27.05,16,1,0.5,0.8666667,2.284612,1.275333,18.00667,1
FORTUNE BRANDS INC,0.5050402,0.737399,28,33,1,0,0.8666667,2.284612,1.275333,18.00667,1
FORTUNE BRANDS INC,0.505349,0.547542,24.92,30,1,0,0.8666667,2.284612,1.275333,18.00667,1
FORTUNE BRANDS INC,0.4520538,0.539149,26.04,25,1,0,0.8666667,2.284612,1.275333,18.00667,1
GENERAL DYNAMICS CORP,0.4313625,0.592333,102.2,12,1,0.3333333,0.9230769,2.91813,1.23,20.89231,0
GENERAL DYNAMICS CORP,0.427019,0.746662,98.1,12,1,0.25,0.9230769,2.91813,1.23,20.89231,0
GENERAL DYNAMICS CORP,0.4496784,0.435564,75.3,13,1,0.2307692,0.9230769,2.91813,1.23,20.89231,0
GENERAL DYNAMICS CORP,0.4563823,0.320995,29.6,12,1,0.4166667,0.9230769,2.91813,1.23,20.89231,1
GENERAL DYNAMICS CORP,0.460003,0.273854,30.5,10,1,0.4,0.9230769,2.91813,1.23,20.89231,1
GENERAL DYNAMICS CORP,0.4596917,0.162305,24.2,9,1,0.1111111,0.9230769,2.91813,1.23,20.89231,1
GENERAL DYNAMICS CORP,0.4619746,0.13606,27.7,9,1,0.1111111,0.9230769,2.91813,1.23,20.89231,1
GENERAL DYNAMICS CORP,0.457313,0.114019,23.1,20,1,0,0.9230769,2.91813,1.23,20.89231,1
GENERAL DYNAMICS CORP,0.4438477,0.132194,29,22,1,0,0.9230769,2.91813,1.23,20.89231,1
GENERAL DYNAMICS CORP,0.4557282,0.308971,31,20,1,0,0.9230769,2.91813,1.23,20.89231,1
GENERAL MOTORS CORP,0.4313625,0.25282,775.1,1,1,1,0,2.47583,0.55,19.3,0
GENERAL MOTORS CORP,0.427019,0.322622,761.4,1,1,1,0,2.47583,0.55,19.3,0
GENERAL MOTORS CORP,0.4496784,0.518126,756.3,1,1,1,0,2.47583,0.55,19.3,0
GENERAL MOTORS CORP,0.4563823,0.265252,750,1,1,1,0,2.47583,0.55,19.3,1
GENERAL MOTORS CORP,0.460003,0.505275,710.8,1,1,1,0,2.47583,0.55,19.3,1
GENERAL MOTORS CORP,0.4596917,0.789039,692.8,1,1,1,0,2.47583,0.55,19.3,1
GENERAL MOTORS CORP,0.4619746,0.192854,745,1,1,0,0,2.47583,0.55,19.3,1
GENERAL MOTORS CORP,0.457313,0.32404,647,3,1,0,0,2.47583,0.55,19.3,1
GENERAL MOTORS CORP,0.4438477,1.179842,608,6,1,0,0,2.47583,0.55,19.3,1
GENERAL MOTORS CORP,0.4557282,1.540879,594,5,1,0,0,2.47583,0.55,19.3,1
GILLETTE CO,0.4709374,0.340669,30.4,5,1,0.4,0.8,2.105925,0.912,18.2,0
GILLETTE CO,0.5096332,0.231013,30.4,5,1,0.2,0.8,2.105925,0.912,18.2,0
GILLETTE CO,0.5399727,0.141802,31.2,4,1,0.5,0.8,2.105925,0.912,18.2,0
GILLETTE CO,0.5664284,0.116795,30.9,3,1,0.6666667,0.8,2.105925,0.912,18.2,1
GILLETTE CO,0.5303568,0.059192,33.4,2,1,1,0.8,2.105925,0.912,18.2,1
GILLETTE CO,0.4719072,0.117387,32.8,2,1,1.5,0.8,2.105925,0.912,18.2,1
GILLETTE CO,0.416917,0.129156,33.5,2,1,0.5,0.8,2.105925,0.912,18.2,1
GILLETTE CO,0.5050402,0.04252,44.1,3,1,0,0.8,2.105925,0.912,18.2,1
GILLETTE CO,0.505349,0.015217,44,3,1,0,0.8,2.105925,0.912,18.2,1
GILLETTE CO,0.4520538,0.008867,43.1,3,1,0,0.8,2.105925,0.912,18.2,1
GOODRICH CORP,0.4313625,2.575742,11.892,7,1,0.5714286,0.6666667,2.963771,1.142222,19.61111,0
GOODRICH CORP,0.427019,1.484571,14.701,8,1,0.625,0.6666667,2.963771,1.142222,19.61111,0
GOODRICH CORP,0.4496784,1.117319,14.415,9,1,0.4444444,0.6666667,2.963771,1.142222,19.61111,0
GOODRICH CORP,0.4563823,1.179366,13.375,9,1,0.7777778,0.6666667,2.963771,1.142222,19.61111,1
GOODRICH CORP,0.460003,0.989698,13.416,9,1,0.4444444,0.6666667,2.963771,1.142222,19.61111,1
GOODRICH CORP,0.4596917,0.883061,13.392,10,1,0.4,0.6666667,2.963771,1.142222,19.61111,1
GOODRICH CORP,0.4619746,0.505448,13.275,9,1,0.3333333,0.6666667,2.963771,1.142222,19.61111,1
GOODRICH CORP,0.457313,0.418674,14.16,17,1,0,0.6666667,2.963771,1.142222,19.61111,1
GOODRICH CORP,0.4438477,0.343114,16.838,20,1,0,0.6666667,2.963771,1.142222,19.61111,1
GOODRICH CORP,0.4557282,0.314396,18.414,18,1,0,0.6666667,2.963771,1.142222,19.61111,1
GOODYEAR TIRE & RUBBER CO,1.052676,1.027591,109.899,16,1,1.3125,0.6923077,2.797247,0.8769231,19.69231,0
GOODYEAR TIRE & RUBBER CO,1.218104,0.656503,104.703,13,1,0.9230769,0.6923077,2.797247,0.8769231,19.69231,0
GOODYEAR TIRE & RUBBER CO,1.179142,0.77137,97.42,11,1,1.363636,0.6923077,2.797247,0.8769231,19.69231,0
GOODYEAR TIRE & RUBBER CO,1.101615,0.966758,93.139,11,1,1.090909,0.6923077,2.797247,0.8769231,19.69231,1
GOODYEAR TIRE & RUBBER CO,0.9894315,0.637376,91.754,5,1,2.2,0.6923077,2.797247,0.8769231,19.69231,1
GOODYEAR TIRE & RUBBER CO,0.8538119,0.552091,90.298,5,1,2.6,0.6923077,2.797247,0.8769231,19.69231,1
GOODYEAR TIRE & RUBBER CO,0.7918646,0.696221,88.79,8,1,1.75,0.6923077,2.797247,0.8769231,19.69231,1
GOODYEAR TIRE & RUBBER CO,0.7988178,0.646686,91.31,10,1,0,0.6923077,2.797247,0.8769231,19.69231,1
GOODYEAR TIRE & RUBBER CO,0.7805301,0.618958,95.302,10,1,0,0.6923077,2.797247,0.8769231,19.69231,1
GOODYEAR TIRE & RUBBER CO,0.7224308,0.552942,97.104,11,1,0,0.6923077,2.797247,0.8769231,19.69231,1
GREAT LAKES CHEMICAL CORP,0.2958034,0.132172,5,6,0,0.3333333,1,1.904421,0.578,15.74,0
GREAT LAKES CHEMICAL CORP,0.3084845,0.059944,5.5,5,0,0,1,1.904421,0.578,15.74,0
GREAT LAKES CHEMICAL CORP,0.2957712,0.044757,5.7,5,0,0.2,1,1.904421,0.578,15.74,0
GREAT LAKES CHEMICAL CORP,0.2624353,0.045021,7,5,0,0.2,1,1.904421,0.578,15.74,0
GREAT LAKES CHEMICAL CORP,0.2480811,0.027267,7,5,0,0.2,1,1.904421,0.578,15.74,0
GREAT LAKES CHEMICAL CORP,0.257621,0.031265,7.9,4,0,0.25,1,1.904421,0.578,15.74,0
GREAT LAKES CHEMICAL CORP,0.2498261,0.036402,8,5,0,0.6,1,1.904421,0.578,15.74,0
GREAT LAKES CHEMICAL CORP,0.2304806,0.055058,7,7,0,0,1,1.904421,0.578,15.74,0
GREAT LAKES CHEMICAL CORP,0.2380322,0.047672,5.1,6,0,0,1,1.904421,0.578,15.74,0
GREAT LAKES CHEMICAL CORP,0.2177674,0.057886,5.1,5,0,0,1,1.904421,0.578,15.74,0
HARRIS CORP,0.4645282,0.03447,35.1,3,1,0,1,3.08632,1.18,19.23333,0
HARRIS CORP,0.4772724,0.03511,33.4,3,1,0,1,3.08632,1.18,19.23333,0
HARRIS CORP,0.5042985,0.046319,30.7,3,1,0,1,3.08632,1.18,19.23333,0
HARRIS CORP,0.5111452,0.0404,28.3,3,1,0,1,3.08632,1.18,19.23333,1
HARRIS CORP,0.4506418,0.033695,28.3,3,1,0,1,3.08632,1.18,19.23333,1
HARRIS CORP,0.4563253,0.02529,28.2,1,1,1,1,3.08632,1.18,19.23333,1
HARRIS CORP,0.3447736,0.017154,26.6,1,1,0,1,3.08632,1.18,19.23333,1
HERCULES INC,0.2958034,2.449685,23.29,15,0,0.2666667,0.7692308,2.770022,1.09,19.83846,0
HERCULES INC,0.3084845,1.807711,19.867,13,0,0.3076923,0.7692308,2.770022,1.09,19.83846,0
HERCULES INC,0.2957712,1.670163,17.324,6,0,0.3333333,0.7692308,2.770022,1.09,19.83846,0
HERCULES INC,0.2624353,2.179279,15.419,7,0,0.7142857,0.7692308,2.770022,1.09,19.83846,1
HERCULES INC,0.2480811,1.971099,14.083,5,0,0.4,0.7692308,2.770022,1.09,19.83846,1
HERCULES INC,0.257621,1.419424,11.989,5,0,0.6,0.7692308,2.770022,1.09,19.83846,1
HERCULES INC,0.2498261,0.96318,7.892,4,0,0.75,0.7692308,2.770022,1.09,19.83846,1
HERCULES INC,0.2304806,0.571805,7.114,6,0,0,0.7692308,2.770022,1.09,19.83846,1
HERCULES INC,0.2380322,0.818878,6.221,4,0,0,0.7692308,2.770022,1.09,19.83846,1
HERCULES INC,0.2177674,0.915975,12.357,3,0,0,0.7692308,2.770022,1.09,19.83846,1
HEWLETT-PACKARD CO,0.4010057,0.62558,94.9,11,1,0.1818182,1,3.57946,2.121111,23.93333,0
HEWLETT-PACKARD CO,0.4317064,0.244533,92.2,8,1,0.25,1,3.57946,2.121111,23.93333,0
HEWLETT-PACKARD CO,0.4661651,0.066929,89,7,1,0.2857143,1,3.57946,2.121111,23.93333,0
HEWLETT-PACKARD CO,0.5013952,0.024524,92.6,5,1,0.4,1,3.57946,2.121111,23.93333,1
HEWLETT-PACKARD CO,0.5022098,0.00335,96.2,2,1,1,1,3.57946,2.121111,23.93333,1
HEWLETT-PACKARD CO,0.5091329,0.010132,98.4,3,1,0.6666667,1,3.57946,2.121111,23.93333,1
HEWLETT-PACKARD CO,0.3766557,0.00048,102.3,1,1,1,1,3.57946,2.121111,23.93333,1
HEWLETT-PACKARD CO,0.322005,0.00054,112,1,1,0,1,3.57946,2.121111,23.93333,1
HEWLETT-PACKARD CO,0.2834762,0.00092,121.9,1,1,0,1,3.57946,2.121111,23.93333,1
HONEYWELL INTERNATIONAL INC,0.4313625,2.877798,107.1,52,1,0.25,0.7115384,2.78802,1.266154,19.78846,0
HONEYWELL INTERNATIONAL INC,0.427019,2.902981,105.8,47,1,0.3829787,0.7115384,2.78802,1.266154,19.78846,0
HONEYWELL INTERNATIONAL INC,0.4496784,2.884493,98.3,46,1,0.2826087,0.7115384,2.78802,1.266154,19.78846,0
HONEYWELL INTERNATIONAL INC,0.4563823,2.959303,89.3,45,1,0.4666667,0.7115384,2.78802,1.266154,19.78846,1
HONEYWELL INTERNATIONAL INC,0.460003,2.499728,86.4,43,1,0.4418605,0.7115384,2.78802,1.266154,19.78846,1
HONEYWELL INTERNATIONAL INC,0.4596917,1.958401,87.5,44,1,0.3636364,0.7115384,2.78802,1.266154,19.78846,1
HONEYWELL INTERNATIONAL INC,0.4619746,1.527683,88.5,38,1,0.4210526,0.7115384,2.78802,1.266154,19.78846,1
ILLINOIS TOOL WORKS,0.4010057,0.465487,15.7,15,1,0.2,0.8571429,2.711488,1.180476,19.22381,0
ILLINOIS TOOL WORKS,0.4317064,0.40087,18.4,17,1,0.1764706,0.8571429,2.711488,1.180476,19.22381,0
ILLINOIS TOOL WORKS,0.4661651,0.4569,18.7,16,1,0.25,0.8571429,2.711488,1.180476,19.22381,0
ILLINOIS TOOL WORKS,0.5013952,0.30383,17.8,15,1,0.2,0.8571429,2.711488,1.180476,19.22381,1
ILLINOIS TOOL WORKS,0.5022098,0.163192,19,15,1,0.2,0.8571429,2.711488,1.180476,19.22381,1
ILLINOIS TOOL WORKS,0.5091329,0.186531,19.5,15,1,0.4,0.8571429,2.711488,1.180476,19.22381,1
ILLINOIS TOOL WORKS,0.3766557,0.129914,21.2,12,1,0.3333333,0.8571429,2.711488,1.180476,19.22381,1
ILLINOIS TOOL WORKS,0.322005,0.118124,24.4,17,1,0,0.8571429,2.711488,1.180476,19.22381,1
ILLINOIS TOOL WORKS,0.2834762,0.092639,25.7,15,1,0,0.8571429,2.711488,1.180476,19.22381,1
ILLINOIS TOOL WORKS,0.2966833,0.185253,29.2,16,1,0,0.8571429,2.711488,1.180476,19.22381,1
INTEL CORP,0.4645282,0.041932,21.7,4,1,0.5,1,2.530223,3.87,20.6,0
INTEL CORP,0.4772724,0.0159,23.9,2,1,0,1,2.530223,3.87,20.6,0
INTEL CORP,0.5042985,0.0131,24.6,2,1,1,1,2.530223,3.87,20.6,0
INTEL CORP,0.5111452,0.0183,25.8,2,1,0.5,1,2.530223,3.87,20.6,1
INTEL CORP,0.4563253,0.0325,32.6,2,1,0,1,2.530223,3.87,20.6,1
INTEL CORP,0.3447736,0.029952,41.6,4,1,0,1,2.530223,3.87,20.6,1
INTEL CORP,0.3280428,0.00755,48.5,2,1,0,1,2.530223,3.87,20.6,1
INTEL CORP,0.2929079,0.000582,63.7,2,1,0,1,2.530223,3.87,20.6,1
INTEL CORP,0.2845238,0.00096,64.5,2,1,0,1,2.530223,3.87,20.6,1
ITT INDUSTRIES INC,0.4010057,1.552994,119,28,1,0.0714286,0.8275862,3.101418,1.235517,20.78621,0
ITT INDUSTRIES INC,0.4317064,1.20793,114,27,1,0.0740741,0.8275862,3.101418,1.235517,20.78621,0
ITT INDUSTRIES INC,0.4661651,0.797317,110,24,1,0.1666667,0.8275862,3.101418,1.235517,20.78621,0
ITT INDUSTRIES INC,0.5013952,0.484628,106,21,1,0.2380952,0.8275862,3.101418,1.235517,20.78621,1
ITT INDUSTRIES INC,0.5022098,0.303562,98,15,1,0.1333333,0.8275862,3.101418,1.235517,20.78621,1
ITT INDUSTRIES INC,0.5091329,0.097623,58.4,11,1,0.1818182,0.8275862,3.101418,1.235517,20.78621,1
ITT INDUSTRIES INC,0.3766557,0.117493,59,9,1,0.4444444,0.8275862,3.101418,1.235517,20.78621,1
JOHNSON & JOHNSON,0.2958034,0.361917,83.1,9,0,0.3333333,0.75,2.999897,1.05,20.825,0
JOHNSON & JOHNSON,0.3084845,0.416304,82.2,9,0,0.2222222,0.75,2.999897,1.05,20.825,0
JOHNSON & JOHNSON,0.2957712,0.184772,82.7,10,0,0.4,0.75,2.999897,1.05,20.825,0
JOHNSON & JOHNSON,0.2624353,0.117093,84.9,7,0,0.2857143,0.75,2.999897,1.05,20.825,1
JOHNSON & JOHNSON,0.2480811,0.116815,81.6,7,0,0.5714286,0.75,2.999897,1.05,20.825,1
JOHNSON & JOHNSON,0.257621,0.10428,81.5,7,0,0.2857143,0.75,2.999897,1.05,20.825,1
JOHNSON & JOHNSON,0.2498261,0.099472,82.3,8,0,0,0.75,2.999897,1.05,20.825,1
JOHNSON & JOHNSON,0.2304806,0.043789,89.3,13,0,0,0.75,2.999897,1.05,20.825,1
JOHNSON & JOHNSON,0.2380322,0.043343,90.5,12,0,0,0.75,2.999897,1.05,20.825,1
JOHNSON & JOHNSON,0.2177674,0.038136,93.1,11,0,0,0.75,2.999897,1.05,20.825,1
JOHNSON CONTROLS INC,0.7257594,0.653922,42.6,20,0,0.2,0.8333333,2.272146,1.213333,18.13333,0
JOHNSON CONTROLS INC,0.8425174,0.158171,43.5,17,0,0.1764706,0.8333333,2.272146,1.213333,18.13333,0
JOHNSON CONTROLS INC,0.8459244,0.109515,42.7,17,0,0.4117647,0.8333333,2.272146,1.213333,18.13333,0
JOHNSON CONTROLS INC,0.8625487,0.074009,46.8,18,0,0.3333333,0.8333333,2.272146,1.213333,18.13333,1
JOHNSON CONTROLS INC,0.8951136,0.070384,50.1,17,0,0.3529412,0.8333333,2.272146,1.213333,18.13333,1
JOHNSON CONTROLS INC,1.005504,0.032507,54.8,16,0,0.3125,0.8333333,2.272146,1.213333,18.13333,1
JOHNSON CONTROLS INC,0.9812199,0.054294,59.2,15,0,0.2666667,0.8333333,2.272146,1.213333,18.13333,1
JOHNSON CONTROLS INC,1.000514,0.044681,65.8,17,0,0,0.8333333,2.272146,1.213333,18.13333,1
JOHNSON CONTROLS INC,1.027202,0.027486,72.3,14,0,0,0.8333333,2.272146,1.213333,18.13333,1
JOHNSON CONTROLS INC,1.09205,0.017535,89,13,0,0,0.8333333,2.272146,1.213333,18.13333,1
KIMBERLY-CLARK CORP,0.4227918,1.144954,39.664,10,1,0.7,0.8333333,2.555472,1.158333,18.96667,0
KIMBERLY-CLARK CORP,0.4947462,0.949409,39.954,6,1,1.333333,0.8333333,2.555472,1.158333,18.96667,0
KIMBERLY-CLARK CORP,0.4639105,0.889834,41.286,6,1,1.166667,0.8333333,2.555472,1.158333,18.96667,0
KIMBERLY-CLARK CORP,0.4670856,0.881567,42.902,6,1,1.666667,0.8333333,2.555472,1.158333,18.96667,1
KIMBERLY-CLARK CORP,0.4592077,0.819376,42.131,5,1,1.6,0.8333333,2.555472,1.158333,18.96667,1
KIMBERLY-CLARK CORP,0.4021497,0.958243,43,6,1,1.666667,0.8333333,2.555472,1.158333,18.96667,1
KIMBERLY-CLARK CORP,0.4324913,0.895137,55.341,6,1,1.166667,0.8333333,2.555472,1.158333,18.96667,1
KIMBERLY-CLARK CORP,0.4203516,0.88852,54.8,6,1,0,0.8333333,2.555472,1.158333,18.96667,1
KIMBERLY-CLARK CORP,0.4304536,0.872735,57,6,1,0,0.8333333,2.555472,1.158333,18.96667,1
KIMBERLY-CLARK CORP,0.3970185,0.874117,54.7,5,1,0,0.8333333,2.555472,1.158333,18.96667,1
LOCKHEED MARTIN CORP,0.4313625,4.292847,82.5,21,1,0.1904762,0.8888889,2.793253,1.008889,20.3,0
LOCKHEED MARTIN CORP,0.427019,4.067802,73,18,1,0.3333333,0.8888889,2.793253,1.008889,20.3,0
LOCKHEED MARTIN CORP,0.4496784,3.051066,72.3,19,1,0.3157895,0.8888889,2.793253,1.008889,20.3,0
LOCKHEED MARTIN CORP,0.4563823,1.988349,71.7,19,1,0.2105263,0.8888889,2.793253,1.008889,20.3,1
LOCKHEED MARTIN CORP,0.460003,1.501736,83.5,17,1,0.7058824,0.8888889,2.793253,1.008889,20.3,1
LOCKHEED MARTIN CORP,0.4619746,0.298923,160,11,1,0.9090909,0.8888889,2.793253,1.008889,20.3,1
LOCKHEED MARTIN CORP,0.457313,0.103607,190,5,1,0,0.8888889,2.793253,1.008889,20.3,1
LOCKHEED MARTIN CORP,0.4438477,0.15025,173,3,1,0,0.8888889,2.793253,1.008889,20.3,1
LOCKHEED MARTIN CORP,0.4557282,0.029977,165,1,1,0,0.8888889,2.793253,1.008889,20.3,1
LORAL CORP,0.6186959,0.731293,12.7,11,0,0.0909091,0.6,3.226012,1.204,20.98,0
LORAL CORP,0.5840207,0.452529,23.75,10,0,0.1,0.6,3.226012,1.204,20.98,0
LORAL CORP,0.6096238,0.314273,22,8,0,0.125,0.6,3.226012,1.204,20.98,0
LORAL CORP,0.5824823,0.134232,24.5,7,0,0,0.6,3.226012,1.204,20.98,1
LORAL CORP,0.5318273,0.06116,32.6,6,0,0,0.6,3.226012,1.204,20.98,1
LORAL CORP,0.5230375,0.009074,28.9,1,0,1,0.6,3.226012,1.204,20.98,1
MAXIM INTEGRATED PRODUCTS,0.4645282,0.050758,0.386,2,1,0,1,2.676835,0.68,20.4,0
MAXIM INTEGRATED PRODUCTS,0.4772724,0.006558,0.553,2,1,0,1,2.676835,0.68,20.4,0
MAXIM INTEGRATED PRODUCTS,0.5042985,0.001344,0.577,2,1,0,1,2.676835,0.68,20.4,0
MCDERMOTT INTL INC,0.4709374,0.489324,30,5,0,0.4,0.8,2.983057,0.88,19.98,0
MCDERMOTT INTL INC,0.5096332,0.558357,34,5,0,0.2,0.8,2.983057,0.88,19.98,0
MCDERMOTT INTL INC,0.5399727,0.158321,29.5,6,0,0.3333333,0.8,2.983057,0.88,19.98,0
MCDERMOTT INTL INC,0.5664284,0.094365,26,6,0,0.1666667,0.8,2.983057,0.88,19.98,0
MCDERMOTT INTL INC,0.5303568,0.079732,23,6,0,0,0.8,2.983057,0.88,19.98,0
MCDERMOTT INTL INC,0.4719072,0.070736,25.2,5,0,0.2,0.8,2.983057,0.88,19.98,0
MCDERMOTT INTL INC,0.416917,0.061234,25.4,7,0,0.1428571,0.8,2.983057,0.88,19.98,0
MCDERMOTT INTL INC,0.5050402,0.093998,24.6,16,0,0,0.8,2.983057,0.88,19.98,0
MCDERMOTT INTL INC,0.505349,0.066791,24.7,6,0,0,0.8,2.983057,0.88,19.98,0
MCDERMOTT INTL INC,0.4520538,0.068119,20.35,6,0,0,0.8,2.983057,0.88,19.98,0
MEAD CORP,0.4227918,0.503218,21.8,8,1,1.5,0.8888889,2.629248,1.115556,18.84444,0
MEAD CORP,0.4947462,0.479178,21.6,8,1,1.625,0.8888889,2.629248,1.115556,18.84444,0
MEAD CORP,0.4639105,0.516588,21.6,6,1,2.333333,0.8888889,2.629248,1.115556,18.84444,0
MEAD CORP,0.4670856,0.258445,20.4,6,1,1.333333,0.8888889,2.629248,1.115556,18.84444,1
MERCK & CO,0.2958034,1.927915,34.4,6,0,1.166667,0.6,3.169304,1.012,20.88,0
MERCK & CO,0.3084845,2.200417,36.9,6,0,0.8333333,0.6,3.169304,1.012,20.88,0
MERCK & CO,0.2957712,1.701166,37.7,6,0,1,0.6,3.169304,1.012,20.88,0
MERCK & CO,0.2624353,0.680402,38.4,5,0,1.4,0.6,3.169304,1.012,20.88,1
MERCK & CO,0.2480811,0.745573,47.1,5,0,1.2,0.6,3.169304,1.012,20.88,1
MERCK & CO,0.257621,0.441628,47.5,5,0,1.6,0.6,3.169304,1.012,20.88,1
MERCK & CO,0.2498261,0.102056,45.2,5,0,1.4,0.6,3.169304,1.012,20.88,1
MILACRON INC,0.4010057,0.090962,7.676,3,1,0,0.8,2.204487,0.77,16.78,0
MILACRON INC,0.4317064,0.051707,7.328,3,1,0.6666667,0.8,2.204487,0.77,16.78,0
MILACRON INC,0.4661651,0.048082,6.559,3,1,0.3333333,0.8,2.204487,0.77,16.78,0
MILACRON INC,0.5013952,0.048698,5.887,3,1,0,0.8,2.204487,0.77,16.78,0
MILACRON INC,0.5022098,0.067267,8.427,4,1,0,0.8,2.204487,0.77,16.78,0
MILACRON INC,0.5091329,0.430376,8.342,4,1,0,0.8,2.204487,0.77,16.78,0
MILACRON INC,0.3766557,0.034279,11.79,2,1,0.5,0.8,2.204487,0.77,16.78,0
MILACRON INC,0.322005,0.068282,12.598,3,1,0,0.8,2.204487,0.77,16.78,0
MILACRON INC,0.2834762,0.043537,12.751,3,1,0,0.8,2.204487,0.77,16.78,0
MILACRON INC,0.2966833,0.053713,11.855,4,1,0,0.8,2.204487,0.77,16.78,0
MILLIPORE CORP,0.6186959,0.19235,5.868,5,0,0.2,1,3.604611,0.8466667,26.23333,0
MILLIPORE CORP,0.5840207,0.18135,6.132,3,0,0.3333333,1,3.604611,0.8466667,26.23333,0
MILLIPORE CORP,0.6096238,0.12385,5.755,3,0,0,1,3.604611,0.8466667,26.23333,0
MILLIPORE CORP,0.5824823,0.10325,5.772,3,0,0.3333333,1,3.604611,0.8466667,26.23333,1
MILLIPORE CORP,0.5318273,0.04325,3.664,2,0,1,1,3.604611,0.8466667,26.23333,1
MILLIPORE CORP,0.5230375,0.04469,3.117,2,0,0,1,3.604611,0.8466667,26.23333,1
MILLIPORE CORP,0.5207126,0.04916,3.338,2,0,0.5,1,3.604611,0.8466667,26.23333,1
MILLIPORE CORP,0.4953898,0.042705,3.482,2,0,0,1,3.604611,0.8466667,26.23333,1
MILLIPORE CORP,0.4451993,0.03834,4.754,2,0,0,1,3.604611,0.8466667,26.23333,1
MILLIPORE CORP,0.4686616,0.02838,4.289,2,0,0,1,3.604611,0.8466667,26.23333,1
MOBIL CORP,0.5510783,0.039255,67.9,3,1,0.3333333,0,4.990376,0.9,23.1,0
MOBIL CORP,0.5199822,0.000018,67.3,1,1,0,0,4.990376,0.9,23.1,0
MOBIL CORP,0.5258418,0.0005,67.5,1,1,2,0,4.990376,0.9,23.1,0
MOLEX INC,0.4772724,0.00052,6.722,2,1,0,1,3.568305,2.38,21.1,0
MOLEX INC,0.5042985,0.001,6.956,2,1,0,1,3.568305,2.38,21.1,0
MOLEX INC,0.5111452,0.001,7.483,2,1,0,1,3.568305,2.38,21.1,0
MOLEX INC,0.4506418,0.001,7.671,2,1,0,1,3.568305,2.38,21.1,0
MOLEX INC,0.4563253,0.00002,8.167,2,1,0,1,3.568305,2.38,21.1,0
MOLEX INC,0.3447736,0.00002,9.5,2,1,0.5,1,3.568305,2.38,21.1,0
MOLEX INC,0.2929079,0.00002,11.947,2,1,0,1,3.568305,2.38,21.1,0
MOLEX INC,0.2845238,0.00004,12.455,4,1,0,1,3.568305,2.38,21.1,0
MORTON INTERNATIONAL INC,0.2958034,0.12444,8.4,7,0,0.4285714,1,2.785056,1.298571,21.1,0
MORTON INTERNATIONAL INC,0.3084845,0.087665,9.7,7,0,0.1428571,1,2.785056,1.298571,21.1,0
MORTON INTERNATIONAL INC,0.2957712,0.034945,10.2,5,0,0.6,1,2.785056,1.298571,21.1,0
MORTON INTERNATIONAL INC,0.2624353,0.017483,10.7,5,0,0.4,1,2.785056,1.298571,21.1,1
MORTON INTERNATIONAL INC,0.2480811,0.014128,11.9,5,0,1,1,2.785056,1.298571,21.1,1
MORTON INTERNATIONAL INC,0.257621,0.01581,13.1,5,0,0.4,1,2.785056,1.298571,21.1,1
MORTON INTERNATIONAL INC,0.2498261,0.011338,13.8,4,0,0,1,2.785056,1.298571,21.1,1
MOTOROLA INC,0.4645282,0.74224,104,6,1,0.1666667,0.5,3.336946,1.603333,23.81667,0
MOTOROLA INC,0.4772724,0.549274,105,5,1,0.4,0.5,3.336946,1.603333,23.81667,0
MOTOROLA INC,0.5042985,0.365919,102,5,1,0.4,0.5,3.336946,1.603333,23.81667,0
MOTOROLA INC,0.5111452,0.34237,107,5,1,0,0.5,3.336946,1.603333,23.81667,1
MOTOROLA INC,0.4506418,0.164527,120,4,1,1,0.5,3.336946,1.603333,23.81667,1
MOTOROLA INC,0.4563253,0.060096,132,3,1,0,0.5,3.336946,1.603333,23.81667,1
MOTOROLA INC,0.3447736,0.03769,142,4,1,0,0.5,3.336946,1.603333,23.81667,1
MOTOROLA INC,0.3280428,0.016589,139,3,1,0,0.5,3.336946,1.603333,23.81667,1
MOTOROLA INC,0.2929079,0.010849,150,4,1,0,0.5,3.336946,1.603333,23.81667,1
MOTOROLA INC,0.2845238,0.006574,133,3,1,0,0.5,3.336946,1.603333,23.81667,1
NACCO INDUSTRIES  -CL A,0.4010057,0.224388,10.725,5,1,0.4,0,1.574576,0.632,16.64,0
NACCO INDUSTRIES  -CL A,0.4317064,0.175926,11.111,5,1,0.6,0,1.574576,0.632,16.64,0
NACCO INDUSTRIES  -CL A,0.4661651,0.147968,9.858,4,1,0.5,0,1.574576,0.632,16.64,0
NACCO INDUSTRIES  -CL A,0.5013952,0.122173,10.497,3,1,0.6666667,0,1.574576,0.632,16.64,0
NACCO INDUSTRIES  -CL A,0.5022098,0.084234,10.879,2,1,1,0,1.574576,0.632,16.64,0
NACCO INDUSTRIES  -CL A,0.5091329,0.00012,11.086,1,1,2,0,1.574576,0.632,16.64,0
NACCO INDUSTRIES  -CL A,0.3766557,0.00031,12.3,1,1,4,0,1.574576,0.632,16.64,0
NALCO CHEMICAL CO,0.2958034,0.002205,5.489,1,0,3,1,3.568305,2.38,21.1,0
NALCO CHEMICAL CO,0.3084845,0.001924,5.862,1,0,0,1,3.568305,2.38,21.1,0
NALCO CHEMICAL CO,0.2480811,0.000095,6.802,1,0,1,1,3.568305,2.38,21.1,1
NALCO CHEMICAL CO,0.257621,0.000101,5.601,1,0,1,1,3.568305,2.38,21.1,1
NATIONAL SEMICONDUCTOR CORP,0.4645282,0.031376,32.7,3,1,0,1,3.530346,2.26,23.4,0
NATIONAL SEMICONDUCTOR CORP,0.4772724,0.013,29.8,1,1,0,1,3.530346,2.26,23.4,0
NATIONAL SEMICONDUCTOR CORP,0.5042985,0.01163,27.2,1,1,0,1,3.530346,2.26,23.4,0
NATIONAL SEMICONDUCTOR CORP,0.5111452,0.0039,23.4,1,1,0,1,3.530346,2.26,23.4,1
NATIONAL SEMICONDUCTOR CORP,0.4563253,1.00E-06,22.4,1,1,0,1,3.530346,2.26,23.4,1
NAVISTAR INTERNATIONL,0.4313625,0.57615,14.237,3,1,0.6666667,1,2.138669,0.99,17.35,0
NAVISTAR INTERNATIONL,0.427019,0.420124,14.071,2,1,1.5,1,2.138669,0.99,17.35,0
NAVISTAR INTERNATIONL,0.4496784,0.553502,13.472,2,1,1.5,1,2.138669,0.99,17.35,0
NAVISTAR INTERNATIONL,0.4563823,0.36028,13.945,2,1,1,1,2.138669,0.99,17.35,1
NAVISTAR INTERNATIONL,0.460003,0.079195,13.612,2,1,1,1,2.138669,0.99,17.35,1
NAVISTAR INTERNATIONL,0.4596917,0.032589,14.91,1,1,3,1,2.138669,0.99,17.35,1
NAVISTAR INTERNATIONL,0.4619746,0.033946,16.079,1,1,3,1,2.138669,0.99,17.35,1
NCR CORP,0.4010057,0.181765,56,1,1,0,1,2.329059,1.02,17,0
NCR CORP,0.4317064,0.318143,55,1,1,0,1,2.329059,1.02,17,0
NORTHROP GRUMMAN CORP,0.4313625,2.280666,41,19,1,0.4210526,0.952381,3.600976,1.526667,23.23809,0
NORTHROP GRUMMAN CORP,0.427019,2.218248,38.2,21,1,0.5238096,0.952381,3.600976,1.526667,23.23809,0
NORTHROP GRUMMAN CORP,0.4496784,1.96055,36.2,20,1,0.25,0.952381,3.600976,1.526667,23.23809,0
NORTHROP GRUMMAN CORP,0.4563823,1.152136,33.6,13,1,0.5384616,0.952381,3.600976,1.526667,23.23809,1
NORTHROP GRUMMAN CORP,0.460003,1.118915,29.8,14,1,0.7857143,0.952381,3.600976,1.526667,23.23809,1
NORTHROP GRUMMAN CORP,0.4596917,0.705993,42.4,11,1,0.5454546,0.952381,3.600976,1.526667,23.23809,1
NORTHROP GRUMMAN CORP,0.4619746,0.465614,37.3,9,1,0.5555556,0.952381,3.600976,1.526667,23.23809,1
NORTHROP GRUMMAN CORP,0.457313,0.209403,46.6,10,1,0,0.952381,3.600976,1.526667,23.23809,1
NORTHROP GRUMMAN CORP,0.4438477,0.156746,52,9,1,0,0.952381,3.600976,1.526667,23.23809,1
NORTHROP GRUMMAN CORP,0.4557282,0.051149,49.6,6,1,0,0.952381,3.600976,1.526667,23.23809,1
OUTBOARD MARINE CORP,0.4010057,0.862051,13.418,16,1,0.375,0.7857143,1.983465,0.7685714,17.34286,0
OUTBOARD MARINE CORP,0.4317064,0.511265,9.1,14,1,0.5,0.7857143,1.983465,0.7685714,17.34286,0
OUTBOARD MARINE CORP,0.4661651,0.394777,8.1,9,1,0.6666667,0.7857143,1.983465,0.7685714,17.34286,0
OUTBOARD MARINE CORP,0.5013952,0.392913,8.7,8,1,0.75,0.7857143,1.983465,0.7685714,17.34286,0
OUTBOARD MARINE CORP,0.5022098,0.330543,8.073,7,1,1,0.7857143,1.983465,0.7685714,17.34286,0
OUTBOARD MARINE CORP,0.5091329,0.310582,8.472,8,1,0.75,0.7857143,1.983465,0.7685714,17.34286,0
OUTBOARD MARINE CORP,0.3766557,0.295176,8.905,8,1,0.75,0.7857143,1.983465,0.7685714,17.34286,0
OUTBOARD MARINE CORP,0.322005,0.180718,8.283,10,1,0,0.7857143,1.983465,0.7685714,17.34286,0
OUTBOARD MARINE CORP,0.2834762,0.232862,7.442,11,1,0,0.7857143,1.983465,0.7685714,17.34286,0
OUTBOARD MARINE CORP,0.2966833,0.181258,6.4,10,1,0,0.7857143,1.983465,0.7685714,17.34286,0
OWENS CORNING,0.654404,0.879053,18.6,18,1,1.222222,0.7368421,2.75022,0.8389474,19.67895,0
OWENS CORNING,0.7625296,0.332219,16.8,17,1,1.058824,0.7368421,2.75022,0.8389474,19.67895,0
OWENS CORNING,0.7269593,0.19583,16,21,1,0.7142857,0.7368421,2.75022,0.8389474,19.67895,0
OWENS CORNING,0.6680838,0.188824,16.4,20,1,0.75,0.7368421,2.75022,0.8389474,19.67895,1
OWENS CORNING,0.6729571,0.323576,16.2,19,1,0.6842105,0.7368421,2.75022,0.8389474,19.67895,1
OWENS CORNING,0.6058865,0.395528,17,20,1,0.7,0.7368421,2.75022,0.8389474,19.67895,1
OWENS CORNING,0.6594406,0.256876,17.3,14,1,1,0.7368421,2.75022,0.8389474,19.67895,1
OWENS CORNING,0.6334583,0.313191,18.9,23,1,0,0.7368421,2.75022,0.8389474,19.67895,1
OWENS CORNING,0.6575269,0.345491,24,19,1,0,0.7368421,2.75022,0.8389474,19.67895,1
OWENS CORNING,0.7250385,0.215293,20,26,1,0,0.7368421,2.75022,0.8389474,19.67895,1
PACCAR INC,0.4313625,0.635006,13.077,12,1,0.25,1,2.794805,1.336667,20.5,0
PACCAR INC,0.427019,0.753234,11.586,12,1,0.4166667,1,2.794805,1.336667,20.5,0
PACCAR INC,0.4496784,0.893852,10.163,10,1,0.2,1,2.794805,1.336667,20.5,0
PACCAR INC,0.4563823,0.903616,10.977,10,1,0.1,1,2.794805,1.336667,20.5,0
PACCAR INC,0.460003,1.176994,11.8,10,1,0.3,1,2.794805,1.336667,20.5,0
PACCAR INC,0.4596917,0.818052,14.6,10,1,0.6,1,2.794805,1.336667,20.5,0
PACCAR INC,0.4619746,0.676414,14,10,1,0.3,1,2.794805,1.336667,20.5,0
PACCAR INC,0.457313,0.513014,17,20,1,0,1,2.794805,1.336667,20.5,0
PACCAR INC,0.4438477,0.441136,19,20,1,0,1,2.794805,1.336667,20.5,0
PACCAR INC,0.4557282,0.38186,23,16,1,0,1,2.794805,1.336667,20.5,0
PALL CORP,0.4010057,0.127261,6.2,5,1,0.2,0.6666667,3.367138,0.7116666,19.65,0
PALL CORP,0.4317064,0.154146,6.3,5,1,0,0.6666667,3.367138,0.7116666,19.65,0
PALL CORP,0.4661651,0.240344,6.4,5,1,0.2,0.6666667,3.367138,0.7116666,19.65,0
PALL CORP,0.5013952,0.193607,6.4,3,1,0.3333333,0.6666667,3.367138,0.7116666,19.65,1
PALL CORP,0.5022098,0.150997,6.3,3,1,0.3333333,0.6666667,3.367138,0.7116666,19.65,1
PALL CORP,0.5091329,0.144221,6.2,2,1,0.5,0.6666667,3.367138,0.7116666,19.65,1
PALL CORP,0.3766557,0.12494,6.5,3,1,0,0.6666667,3.367138,0.7116666,19.65,1
PALL CORP,0.322005,0.115699,7.7,3,1,0,0.6666667,3.367138,0.7116666,19.65,1
PALL CORP,0.2834762,0.08196,8.5,3,1,0,0.6666667,3.367138,0.7116666,19.65,1
PALL CORP,0.2966833,0.04794,8.9,2,1,0,0.6666667,3.367138,0.7116666,19.65,1
PERKINELMER INC,0.6186959,0.249378,30,5,0,0.2,1,3.165639,1.1125,21.95,0
PERKINELMER INC,0.5840207,0.148415,30,4,0,0,1,3.165639,1.1125,21.95,0
PERKINELMER INC,0.6096238,0.170907,35.6,5,0,0,1,3.165639,1.1125,21.95,0
PERKINELMER INC,0.5824823,0.113003,34,5,0,0,1,3.165639,1.1125,21.95,0
PERKINELMER INC,0.5318273,0.061978,32,3,0,0,1,3.165639,1.1125,21.95,0
PERKINELMER INC,0.5230375,0.046642,25,3,0,0.6666667,1,3.165639,1.1125,21.95,0
PERKINELMER INC,0.5207126,0.02868,15,2,0,0.5,1,3.165639,1.1125,21.95,0
PERKINELMER INC,0.4953898,0.006394,15,3,0,0,1,3.165639,1.1125,21.95,0
PERKINELMER INC,0.4451993,0.000018,14,3,0,0,1,3.165639,1.1125,21.95,0
PERKINELMER INC,0.4686616,0.026808,13,4,0,0,1,3.165639,1.1125,21.95,0
PFIZER INC,0.2958034,2.147275,42.1,7,0,0.5714286,1,2.945329,1.313333,21.06667,0
PFIZER INC,0.3084845,1.434918,42.5,6,0,0.3333333,1,2.945329,1.313333,21.06667,0
PFIZER INC,0.2957712,1.163663,44.1,5,0,0.4,1,2.945329,1.313333,21.06667,0
PFIZER INC,0.2624353,1.024841,40.7,5,0,1.2,1,2.945329,1.313333,21.06667,1
PFIZER INC,0.2480811,1.006526,40.5,5,0,0.8,1,2.945329,1.313333,21.06667,1
PFIZER INC,0.257621,0.985147,40.8,5,0,1,1,2.945329,1.313333,21.06667,1
PFIZER INC,0.2498261,0.427554,43.8,5,0,1.4,1,2.945329,1.313333,21.06667,1
PFIZER INC,0.2304806,0.2287,47,11,0,0,1,2.945329,1.313333,21.06667,1
PFIZER INC,0.2380322,0.196209,49.2,10,0,0,1,2.945329,1.313333,21.06667,1
PFIZER INC,0.2177674,0.10773,46.4,11,0,0,1,2.945329,1.313333,21.06667,1
PHARMACIA CORP,0.2958034,4.311323,42.179,4,0,2.5,0.6666667,2.441148,0.9,18.35,0
PHARMACIA CORP,0.3084845,3.568918,41.081,6,0,1.333333,0.6666667,2.441148,0.9,18.35,0
PHARMACIA CORP,0.2957712,4.545374,39.281,3,0,3,0.6666667,2.441148,0.9,18.35,0
PHARMACIA CORP,0.2624353,2.590558,33.797,3,0,2.666667,0.6666667,2.441148,0.9,18.35,1
PHARMACIA CORP,0.2480811,2.584605,30.019,4,0,2,0.6666667,2.441148,0.9,18.35,1
PHARMACIA CORP,0.257621,2.960302,29.354,4,0,2.25,0.6666667,2.441148,0.9,18.35,1
PHARMACIA CORP,0.2498261,2.389363,28.514,5,0,1.2,0.6666667,2.441148,0.9,18.35,1
PHARMACIA CORP,0.2304806,1.548137,28,10,0,0,0.6666667,2.441148,0.9,18.35,1
PHARMACIA CORP,0.2380322,1.28899,21.9,12,0,0,0.6666667,2.441148,0.9,18.35,1
PHARMACIA CORP,0.2177674,1.430906,31.8,14,0,0,0.6666667,2.441148,0.9,18.35,1
PHELPS DODGE CORP,0.3295921,0.066001,13.288,8,0,0.375,0.6666667,2.949926,1.045,20.08333,0
PHELPS DODGE CORP,0.3336366,0.543864,14.066,9,0,0.4444444,0.6666667,2.949926,1.045,20.08333,0
PHELPS DODGE CORP,0.3314882,0.944367,13.931,10,0,0.6,0.6666667,2.949926,1.045,20.08333,0
PHELPS DODGE CORP,0.3150555,1.657839,14.57,10,0,0.4,0.6666667,2.949926,1.045,20.08333,0
PHELPS DODGE CORP,0.3187582,2.006317,14.799,10,0,0.4,0.6666667,2.949926,1.045,20.08333,0
PHELPS DODGE CORP,0.3253061,1.916836,15.498,11,0,0.2727273,0.6666667,2.949926,1.045,20.08333,0
PHELPS DODGE CORP,0.3142032,1.796597,15.343,9,0,0.3333333,0.6666667,2.949926,1.045,20.08333,0
PHELPS DODGE CORP,0.2902728,1.552596,16.033,18,0,0,0.6666667,2.949926,1.045,20.08333,0
PHELPS DODGE CORP,0.2584994,1.493778,15.869,17,0,0,0.6666667,2.949926,1.045,20.08333,0
PHELPS DODGE CORP,0.2944652,10.86532,13.924,40,0,0,0.6666667,2.949926,1.045,20.08333,0
PITNEY BOWES INC,0.4010057,0.354125,31.404,3,1,0.6666667,1,4.133069,2.64,27.2,0
PITNEY BOWES INC,0.4317064,0.32926,29.942,3,1,0,1,4.133069,2.64,27.2,0
PITNEY BOWES INC,0.4661651,0.233611,29.421,3,1,0.6666667,1,4.133069,2.64,27.2,0
PITNEY BOWES INC,0.5013952,0.119007,28.958,1,1,2,1,4.133069,2.64,27.2,1
PPG INDUSTRIES INC,0.2958034,2.372394,35.5,32,1,0.125,0.8529412,2.479186,1.004412,18.19118,0
PPG INDUSTRIES INC,0.3084845,2.759482,35.1,28,1,0.1785714,0.8529412,2.479186,1.004412,18.19118,0
PPG INDUSTRIES INC,0.2957712,2.470524,33.7,27,1,0.3333333,0.8529412,2.479186,1.004412,18.19118,0
PPG INDUSTRIES INC,0.2624353,2.310494,32.3,28,1,0.1071429,0.8529412,2.479186,1.004412,18.19118,1
PPG INDUSTRIES INC,0.2480811,1.97937,31.4,24,1,0.1666667,0.8529412,2.479186,1.004412,18.19118,1
PPG INDUSTRIES INC,0.257621,1.419848,30.8,24,1,0.2916667,0.8529412,2.479186,1.004412,18.19118,1
PPG INDUSTRIES INC,0.2498261,1.053741,31.2,23,1,0.173913,0.8529412,2.479186,1.004412,18.19118,1
PROCTER & GAMBLE CO,0.2958034,0.462848,79,5,0,1.4,0.8,3.206621,1.194,20.5,0
PROCTER & GAMBLE CO,0.3084845,0.544067,89,5,0,0.6,0.8,3.206621,1.194,20.5,0
PROCTER & GAMBLE CO,0.2957712,0.431335,94,4,0,0.75,0.8,3.206621,1.194,20.5,0
PROCTER & GAMBLE CO,0.2624353,0.313943,106,4,0,0.75,0.8,3.206621,1.194,20.5,1
PROCTER & GAMBLE CO,0.2480811,0.146944,103.5,4,0,0.75,0.8,3.206621,1.194,20.5,1
PROCTER & GAMBLE CO,0.257621,0.062306,96.5,3,0,1,0.8,3.206621,1.194,20.5,1
PROCTER & GAMBLE CO,0.2498261,0.068783,99.2,2,0,1,0.8,3.206621,1.194,20.5,1
PROCTER & GAMBLE CO,0.2304806,0.119684,103,4,0,0,0.8,3.206621,1.194,20.5,1
PROCTER & GAMBLE CO,0.2380322,0.147391,106,4,0,0,0.8,3.206621,1.194,20.5,1
PROCTER & GAMBLE CO,0.2177674,0.193341,110,4,0,0,0.8,3.206621,1.194,20.5,1
RAYTHEON CO,0.6186959,2.584986,77.6,20,0,0.25,0.95,3.208019,1.0025,22.68,0
RAYTHEON CO,0.5840207,2.041334,76.7,19,0,0.368421,0.95,3.208019,1.0025,22.68,0
RAYTHEON CO,0.6096238,1.622735,71.6,13,0,0.4615385,0.95,3.208019,1.0025,22.68,0
RAYTHEON CO,0.5824823,1.150031,63.9,14,0,0.3571429,0.95,3.208019,1.0025,22.68,1
RAYTHEON CO,0.5318273,0.527248,63.8,8,0,1,0.95,3.208019,1.0025,22.68,1
RAYTHEON CO,0.5230375,0.312873,60.2,7,0,1,0.95,3.208019,1.0025,22.68,1
RAYTHEON CO,0.5207126,0.32331,73.2,5,0,0.6,0.95,3.208019,1.0025,22.68,1
RAYTHEON CO,0.4953898,0.364011,75.3,11,0,0,0.95,3.208019,1.0025,22.68,1
RAYTHEON CO,0.4451993,0.263542,119.2,8,0,0,0.95,3.208019,1.0025,22.68,1
RAYTHEON CO,0.4686616,0.173687,108.2,6,0,0,0.95,3.208019,1.0025,22.68,1
REYNOLDS METALS CO,0.3295921,0.281592,30.5,5,0,0.4,0.3333333,3.297723,1.416667,21.35,0
REYNOLDS METALS CO,0.3336366,0.220006,30.8,6,0,0.3333333,0.3333333,3.297723,1.416667,21.35,0
REYNOLDS METALS CO,0.3314882,0.153302,30.9,5,0,0,0.3333333,3.297723,1.416667,21.35,0
REYNOLDS METALS CO,0.3150555,0.001034,29.3,3,0,0.3333333,0.3333333,3.297723,1.416667,21.35,1
REYNOLDS METALS CO,0.3187582,0.001505,29,2,0,0,0.3333333,3.297723,1.416667,21.35,1
REYNOLDS METALS CO,0.3253061,0.001505,29,2,0,0.5,0.3333333,3.297723,1.416667,21.35,1
REYNOLDS METALS CO,0.3142032,0.000785,29.6,2,0,0,0.3333333,3.297723,1.416667,21.35,1
REYNOLDS METALS CO,0.2902728,0.0005,29,1,0,0,0.3333333,3.297723,1.416667,21.35,1
REYNOLDS METALS CO,0.2584994,0.000104,25.5,1,0,0,0.3333333,3.297723,1.416667,21.35,1
ROHM & HAAS CO,0.2958034,0.370744,13.04,11,1,1.090909,0.7692308,3.228413,1.370769,20.25385,0
ROHM & HAAS CO,0.3084845,0.327673,12.92,12,1,0.75,0.7692308,3.228413,1.370769,20.25385,0
ROHM & HAAS CO,0.2957712,0.437077,12.872,11,1,1,0.7692308,3.228413,1.370769,20.25385,0
ROHM & HAAS CO,0.2624353,0.551066,13.619,10,1,1,0.7692308,3.228413,1.370769,20.25385,1
ROHM & HAAS CO,0.2480811,0.608843,12.985,10,1,0.8,0.7692308,3.228413,1.370769,20.25385,1
ROHM & HAAS CO,0.257621,0.508521,12.211,10,1,0.7,0.7692308,3.228413,1.370769,20.25385,1
ROHM & HAAS CO,0.2498261,0.456913,11.67,10,1,0.5,0.7692308,3.228413,1.370769,20.25385,1
ROHM & HAAS CO,0.2304806,0.366041,11.633,22,1,0,0.7692308,3.228413,1.370769,20.25385,1
ROHM & HAAS CO,0.2380322,0.353133,11.592,24,1,0,0.7692308,3.228413,1.370769,20.25385,1
ROHM & HAAS CO,0.2177674,0.330272,11.265,24,1,0,0.7692308,3.228413,1.370769,20.25385,1
SEALED AIR CORP,0.4227918,0.074057,2.4,2,1,0.5,1,1.673684,0.26,16.6,0
SEALED AIR CORP,0.4947462,0.052921,2.4,2,1,1,1,1.673684,0.26,16.6,0
SEALED AIR CORP,0.4639105,0.006856,2.77,2,1,1.5,1,1.673684,0.26,16.6,0
SEALED AIR CORP,0.4670856,0.00645,2.72,2,1,0.5,1,1.673684,0.26,16.6,1
SEALED AIR CORP,0.4592077,0.003794,2.75,2,1,1.5,1,1.673684,0.26,16.6,1
SEALED AIR CORP,0.4203516,0.04,4.2,1,1,0,1,1.673684,0.26,16.6,1
SEALED AIR CORP,0.4304536,0.031,4.4,1,1,0,1,1.673684,0.26,16.6,1
SEALED AIR CORP,0.3970185,0.0075,14.7,1,1,0,1,1.673684,0.26,16.6,1
SNAP-ON INC,0.4709374,0.009424,7.4,2,1,0.5,1,2.488288,1.433333,18.83333,0
SNAP-ON INC,0.5096332,0.012167,7.6,3,1,0,1,2.488288,1.433333,18.83333,0
SNAP-ON INC,0.5399727,0.001932,6.8,3,1,0,1,2.488288,1.433333,18.83333,0
SNAP-ON INC,0.5664284,0.001146,9,3,1,0,1,2.488288,1.433333,18.83333,0
SNAP-ON INC,0.5303568,0.001805,9,3,1,0.3333333,1,2.488288,1.433333,18.83333,0
SNAP-ON INC,0.4719072,0.002053,9,3,1,0.3333333,1,2.488288,1.433333,18.83333,0
SNAP-ON INC,0.416917,0.000545,10.2,3,1,0.3333333,1,2.488288,1.433333,18.83333,0
SNAP-ON INC,0.5050402,0.000517,10.6,6,1,0,1,2.488288,1.433333,18.83333,0
SNAP-ON INC,0.505349,0.00415,11.7,6,1,0,1,2.488288,1.433333,18.83333,0
SNAP-ON INC,0.4520538,0.017965,12,6,1,0,1,2.488288,1.433333,18.83333,0
SPX CORP,0.4709374,0.218541,19.377,12,0,0.25,0.6666667,2.167577,0.7522222,17.48889,0
SPX CORP,0.5096332,0.129702,15.79,9,0,0.3333333,0.6666667,2.167577,0.7522222,17.48889,0
SPX CORP,0.5399727,0.128755,14.738,10,0,0.4,0.6666667,2.167577,0.7522222,17.48889,0
SPX CORP,0.5664284,0.091828,13.671,8,0,0.625,0.6666667,2.167577,0.7522222,17.48889,1
SPX CORP,0.5303568,0.038607,12.9,5,0,0.8,0.6666667,2.167577,0.7522222,17.48889,1
SPX CORP,0.4719072,0.024682,12.2,5,0,1,0.6666667,2.167577,0.7522222,17.48889,1
SPX CORP,0.416917,0.01665,12.9,3,0,1.333333,0.6666667,2.167577,0.7522222,17.48889,1
SPX CORP,0.5050402,0.030707,13,10,0,0,0.6666667,2.167577,0.7522222,17.48889,1
SPX CORP,0.505349,0.039902,9.9,11,0,0,0.6666667,2.167577,0.7522222,17.48889,1
SPX CORP,0.4520538,0.035648,14,11,0,0,0.6666667,2.167577,0.7522222,17.48889,1
STANLEY WORKS,0.4709374,0.383112,18.464,20,1,0.15,0.9,2.924852,1.385,21.535,0
STANLEY WORKS,0.5096332,0.457172,17.784,20,1,0.25,0.9,2.924852,1.385,21.535,0
STANLEY WORKS,0.5399727,0.627959,17.42,18,1,0.2222222,0.9,2.924852,1.385,21.535,0
STANLEY WORKS,0.5664284,0.527405,18.65,18,1,0.2222222,0.9,2.924852,1.385,21.535,1
STANLEY WORKS,0.5303568,0.34312,18.988,18,1,0.1666667,0.9,2.924852,1.385,21.535,1
STANLEY WORKS,0.4719072,0.086793,19.445,12,1,0.3333333,0.9,2.924852,1.385,21.535,1
STRYKER CORP,0.6186959,0.0241,1.565,1,0,1,1,3.932774,1.68,24.8,0
STRYKER CORP,0.5840207,0.023822,1.913,1,0,0,1,3.932774,1.68,24.8,0
STRYKER CORP,0.6096238,0.010809,2.448,1,0,0,1,3.932774,1.68,24.8,0
STRYKER CORP,0.5824823,0.003372,2.906,1,0,0,1,3.932774,1.68,24.8,1
STRYKER CORP,0.5318273,0.003453,3.228,1,0,0,1,3.932774,1.68,24.8,1
STRYKER CORP,0.5230375,0.002835,4.221,1,0,0,1,3.932774,1.68,24.8,1
STRYKER CORP,0.5207126,0.001585,4.629,1,0,0,1,3.932774,1.68,24.8,1
STRYKER CORP,0.4953898,0.001635,5.274,1,0,0,1,3.932774,1.68,24.8,1
STRYKER CORP,0.4451993,0.001317,5.691,1,0,0,1,3.932774,1.68,24.8,1
STRYKER CORP,0.4686616,0.001457,10.974,1,0,0,1,3.932774,1.68,24.8,1
SUNOCO INC,0.5510783,2.434492,21.608,5,1,0.6,0.75,2.542709,0.88,17.65,0
SUNOCO INC,0.5199822,2.634728,20.926,5,1,0.6,0.75,2.542709,0.88,17.65,0
SUNOCO INC,0.5258418,2.552402,16.963,5,1,0.6,0.75,2.542709,0.88,17.65,0
SUNOCO INC,0.5304077,2.561055,14.219,5,1,0.2,0.75,2.542709,0.88,17.65,1
SUNOCO INC,0.5273799,2.249931,14.5,5,1,0.4,0.75,2.542709,0.88,17.65,1
SUNOCO INC,0.5059202,1.383322,14.5,5,1,0.2,0.75,2.542709,0.88,17.65,1
SUNOCO INC,0.5056727,0.812097,12,5,1,0.2,0.75,2.542709,0.88,17.65,1
SUNOCO INC,0.4710263,0.7258,12.15,17,1,0,0.75,2.542709,0.88,17.65,1
SUNOCO INC,0.4623066,0.618968,10.9,14,1,0,0.75,2.542709,0.88,17.65,1
SUNOCO INC,0.4939952,0.621464,11.1,64,1,0,0.75,2.542709,0.88,17.65,1
TEKTRONIX INC,0.6186959,0.094524,13.941,1,0,0,1,2.530223,3.87,20.6,0
TEKTRONIX INC,0.5840207,0.026917,11.947,1,0,0,1,2.530223,3.87,20.6,0
TEKTRONIX INC,0.6096238,0.012802,11.334,1,0,0,1,2.530223,3.87,20.6,0
TEKTRONIX INC,0.5824823,0.007564,9.84,1,0,0,1,2.530223,3.87,20.6,1
TEXACO INC,0.5510783,0.0015,37.067,1,1,0,1,2.676835,0.68,20.4,0
TEXACO INC,0.5199822,0.000755,39.199,1,1,0,1,2.676835,0.68,20.4,0
TEXACO INC,0.4939952,0.000255,24.628,1,1,0,1,2.676835,0.68,20.4,1
TEXAS INSTRUMENTS INC,0.4645282,0.599465,73.854,10,1,0.2,0.9090909,2.588214,0.7354546,19.46364,0
TEXAS INSTRUMENTS INC,0.4772724,0.55337,70.318,10,1,0.2,0.9090909,2.588214,0.7354546,19.46364,0
TEXAS INSTRUMENTS INC,0.5042985,0.504939,62.939,11,1,0.0909091,0.9090909,2.588214,0.7354546,19.46364,0
TEXAS INSTRUMENTS INC,0.5111452,0.372486,60.577,9,1,0,0.9090909,2.588214,0.7354546,19.46364,1
TEXAS INSTRUMENTS INC,0.4506418,0.278878,59.048,7,1,0.1428571,0.9090909,2.588214,0.7354546,19.46364,1
TEXAS INSTRUMENTS INC,0.4563253,0.284765,56.333,6,1,0,0.9090909,2.588214,0.7354546,19.46364,1
TEXAS INSTRUMENTS INC,0.3447736,0.21846,59.574,3,1,0.3333333,0.9090909,2.588214,0.7354546,19.46364,1
TEXAS INSTRUMENTS INC,0.3280428,0.199174,59.927,7,1,0,0.9090909,2.588214,0.7354546,19.46364,1
TEXAS INSTRUMENTS INC,0.2929079,0.122443,44.14,8,1,0,0.9090909,2.588214,0.7354546,19.46364,1
TEXAS INSTRUMENTS INC,0.2845238,0.063135,35.948,5,1,0,0.9090909,2.588214,0.7354546,19.46364,1
THERMO ELECTRON CORP,0.6186959,0.067408,4.965,4,0,0,1,2.075206,0.98,17.46667,0
THERMO ELECTRON CORP,0.5840207,0.030742,6.061,3,0,0,1,2.075206,0.98,17.46667,0
THERMO ELECTRON CORP,0.6096238,0.039216,5.965,4,0,0,1,2.075206,0.98,17.46667,0
THERMO ELECTRON CORP,0.5824823,0.013432,7.5,2,0,0,1,2.075206,0.98,17.46667,0
THERMO ELECTRON CORP,0.5318273,0.007303,8.8,2,0,0,1,2.075206,0.98,17.46667,0
THERMO ELECTRON CORP,0.5230375,0.007533,10.234,2,0,0,1,2.075206,0.98,17.46667,0
THERMO ELECTRON CORP,0.5207126,0.009469,14.4,2,0,0,1,2.075206,0.98,17.46667,0
THERMO ELECTRON CORP,0.4451993,0.001758,22.4,1,0,0,1,2.075206,0.98,17.46667,0
THERMO ELECTRON CORP,0.4686616,0.00262,23.6,1,0,0,1,2.075206,0.98,17.46667,0
THOMAS & BETTS CORP,0.4645282,0.499769,5,11,1,0.0909091,0.8333333,2.755371,0.7758333,19.43333,0
THOMAS & BETTS CORP,0.4772724,0.413436,4.9,11,1,0.0909091,0.8333333,2.755371,0.7758333,19.43333,0
THOMAS & BETTS CORP,0.5042985,0.359806,4.7,11,1,0.0909091,0.8333333,2.755371,0.7758333,19.43333,0
THOMAS & BETTS CORP,0.5111452,0.342097,7.6,11,1,0,0.8333333,2.755371,0.7758333,19.43333,1
THOMAS & BETTS CORP,0.4506418,0.309192,8,7,1,0.1428571,0.8333333,2.755371,0.7758333,19.43333,1
THOMAS & BETTS CORP,0.4563253,0.196856,7.4,6,1,0,0.8333333,2.755371,0.7758333,19.43333,1
THOMAS & BETTS CORP,0.3447736,0.13126,8.7,5,1,0,0.8333333,2.755371,0.7758333,19.43333,1
THOMAS & BETTS CORP,0.3280428,0.152418,14.7,10,1,0,0.8333333,2.755371,0.7758333,19.43333,1
THOMAS & BETTS CORP,0.2929079,0.184337,16.4,11,1,0,0.8333333,2.755371,0.7758333,19.43333,1
THOMAS & BETTS CORP,0.2845238,0.103495,19.33,9,1,0,0.8333333,2.755371,0.7758333,19.43333,1
TIMKEN CO,0.4010057,0.42996,17.248,10,1,0.6,0.9285714,2.238182,0.8935714,18.62857,0
TIMKEN CO,0.4317064,0.35231,18.86,13,1,0.6153846,0.9285714,2.238182,0.8935714,18.62857,0
TIMKEN CO,0.4661651,0.356736,17.74,12,1,0.5833333,0.9285714,2.238182,0.8935714,18.62857,0
TIMKEN CO,0.5013952,0.181617,16.729,10,1,0.6,0.9285714,2.238182,0.8935714,18.62857,1
TIMKEN CO,0.5022098,0.240245,15.985,11,1,0.3636364,0.9285714,2.238182,0.8935714,18.62857,1
TIMKEN CO,0.5091329,0.25106,16.202,12,1,0.0833333,0.9285714,2.238182,0.8935714,18.62857,1
TIMKEN CO,0.3766557,0.14638,17.034,13,1,0.3076923,0.9285714,2.238182,0.8935714,18.62857,1
TIMKEN CO,0.322005,0.25702,19.13,23,1,0,0.9285714,2.238182,0.8935714,18.62857,1
TIMKEN CO,0.2834762,0.883828,20.994,23,1,0,0.9285714,2.238182,0.8935714,18.62857,1
TIMKEN CO,0.2966833,0.818644,21.046,23,1,0,0.9285714,2.238182,0.8935714,18.62857,1
TRW INC,0.4313625,0.371095,74.28,9,1,0.1111111,0.8181818,2.689164,1.113636,18.99091,0
TRW INC,0.427019,0.323814,75.637,9,1,0.2222222,0.8181818,2.689164,1.113636,18.99091,0
TRW INC,0.4496784,0.567029,71.262,11,1,0.1818182,0.8181818,2.689164,1.113636,18.99091,0
TRW INC,0.4563823,0.724105,64.1,12,1,0.1666667,0.8181818,2.689164,1.113636,18.99091,1
TRW INC,0.460003,0.645296,61.2,12,1,0.25,0.8181818,2.689164,1.113636,18.99091,1
TRW INC,0.4596917,0.251462,64.175,11,1,0.0909091,0.8181818,2.689164,1.113636,18.99091,1
TRW INC,0.4619746,0.556012,66.518,11,1,0.0909091,0.8181818,2.689164,1.113636,18.99091,1
TRW INC,0.457313,0.619,65.2,23,1,0,0.8181818,2.689164,1.113636,18.99091,1
TRW INC,0.4438477,0.833418,79.7,21,1,0,0.8181818,2.689164,1.113636,18.99091,1
TRW INC,0.4557282,0.642199,78,22,1,0,0.8181818,2.689164,1.113636,18.99091,1
UNION CAMP CORP,0.4227918,0.921093,18.646,5,1,0.2,0.5,2.405659,1.0575,18.225,0
UNION CAMP CORP,0.4947462,0.533701,21.232,4,1,0.25,0.5,2.405659,1.0575,18.225,0
UNION CAMP CORP,0.3970185,0.000019,18.3,2,1,0,0.5,2.405659,1.0575,18.225,1
UNION CARBIDE CORP,0.2958034,0.735189,45.987,12,0,0,0.6153846,2.731294,1.119231,18.32308,0
UNION CARBIDE CORP,0.3084845,0.543243,37.756,13,0,0.0769231,0.6153846,2.731294,1.119231,18.32308,0
UNION CARBIDE CORP,0.2957712,0.543566,16.705,9,0,0.2222222,0.6153846,2.731294,1.119231,18.32308,0
UNION CARBIDE CORP,0.2624353,0.581401,15.075,9,0,0.3333333,0.6153846,2.731294,1.119231,18.32308,1
UNION CARBIDE CORP,0.2480811,0.461956,13.051,8,0,0,0.6153846,2.731294,1.119231,18.32308,1
UNION CARBIDE CORP,0.257621,0.456704,12.004,7,0,0.1428571,0.6153846,2.731294,1.119231,18.32308,1
UNION CARBIDE CORP,0.2498261,0.467233,11.521,8,0,0.25,0.6153846,2.731294,1.119231,18.32308,1
UNION CARBIDE CORP,0.2304806,0.323142,11.745,18,0,0,0.6153846,2.731294,1.119231,18.32308,1
UNION CARBIDE CORP,0.2380322,0.29087,11.813,20,0,0,0.6153846,2.731294,1.119231,18.32308,1
UNION CARBIDE CORP,0.2177674,0.272799,11.627,24,0,0,0.6153846,2.731294,1.119231,18.32308,1
UNITED TECHNOLOGIES CORP,0.4313625,5.13722,201.4,39,1,0.4871795,0.8536586,3.12853,1.526585,21.1,0
UNITED TECHNOLOGIES CORP,0.427019,4.335442,192.6,39,1,0.3589744,0.8536586,3.12853,1.526585,21.1,0
UNITED TECHNOLOGIES CORP,0.4496784,2.953185,185.1,38,1,0.4736842,0.8536586,3.12853,1.526585,21.1,0
UNITED TECHNOLOGIES CORP,0.4563823,2.025057,178,32,1,0.65625,0.8536586,3.12853,1.526585,21.1,1
UNITED TECHNOLOGIES CORP,0.460003,1.406889,168.6,33,1,0.5757576,0.8536586,3.12853,1.526585,21.1,1
UNITED TECHNOLOGIES CORP,0.4596917,0.8763,171.5,29,1,0.4137931,0.8536586,3.12853,1.526585,21.1,1
UNITED TECHNOLOGIES CORP,0.4619746,0.518118,170.6,26,1,0.6538461,0.8536586,3.12853,1.526585,21.1,1
WEYERHAEUSER CO,0.8457481,1.981245,45.214,12,1,0.75,0.5,2.067782,0.825,19.275,0
WEYERHAEUSER CO,0.9202191,1.338074,40.621,8,1,2,0.5,2.067782,0.825,19.275,0
WEYERHAEUSER CO,0.931928,1.523159,38.669,10,1,1.4,0.5,2.067782,0.825,19.275,0
WEYERHAEUSER CO,0.8654994,1.260287,39.022,11,1,1.181818,0.5,2.067782,0.825,19.275,1
WEYERHAEUSER CO,0.8956304,0.898228,36.748,9,1,1.111111,0.5,2.067782,0.825,19.275,1
WEYERHAEUSER CO,0.8400483,0.745332,36.665,9,1,1.444444,0.5,2.067782,0.825,19.275,1
WEYERHAEUSER CO,0.8633659,0.619428,39.431,6,1,2.833333,0.5,2.067782,0.825,19.275,1
WEYERHAEUSER CO,0.7888657,0.572801,39.661,9,1,0,0.5,2.067782,0.825,19.275,1
WEYERHAEUSER CO,0.7865139,0.408903,35.778,11,1,0,0.5,2.067782,0.825,19.275,1
WEYERHAEUSER CO,0.7468783,0.363504,35.032,10,1,0,0.5,2.067782,0.825,19.275,1
WHIRLPOOL CORP,0.4645282,2.565864,39.411,8,1,0.875,0.875,1.976895,0.7875,15.7625,0
WHIRLPOOL CORP,0.4772724,1.887156,36.157,8,1,0.5,0.875,1.976895,0.7875,15.7625,0
WHIRLPOOL CORP,0.5042985,1.465282,37.886,6,1,1.166667,0.875,1.976895,0.7875,15.7625,0
WHIRLPOOL CORP,0.5111452,1.173019,38.52,6,1,0.6666667,0.875,1.976895,0.7875,15.7625,1
WHIRLPOOL CORP,0.4506418,0.923822,39.59,5,1,0.4,0.875,1.976895,0.7875,15.7625,1
WHIRLPOOL CORP,0.4563253,0.999592,39.016,5,1,0.6,0.875,1.976895,0.7875,15.7625,1
WHIRLPOOL CORP,0.3447736,1.014646,45.435,5,1,1,0.875,1.976895,0.7875,15.7625,1
WHIRLPOOL CORP,0.3280428,0.648749,48.163,6,1,0,0.875,1.976895,0.7875,15.7625,1
WHIRLPOOL CORP,0.2929079,0.168168,61.37,6,1,0,0.875,1.976895,0.7875,15.7625,1
WHIRLPOOL CORP,0.2845238,0.199692,58.63,6,1,0,0.875,1.976895,0.7875,15.7625,1
XEROX CORP,0.4010057,0.975954,111.4,3,1,0,0,4.198927,0.8,21.33333,0
XEROX CORP,0.4317064,1.348592,110,3,1,0.6666667,0,4.198927,0.8,21.33333,0
XEROX CORP,0.4661651,1.24375,109.4,3,1,0.3333333,0,4.198927,0.8,21.33333,0
XEROX CORP,0.5013952,0.888178,99.3,3,1,0,0,4.198927,0.8,21.33333,1
XEROX CORP,0.5022098,0.770164,97,3,1,0.3333333,0,4.198927,0.8,21.33333,1
XEROX CORP,0.5091329,0.193859,87.6,3,1,0.3333333,0,4.198927,0.8,21.33333,1
XEROX CORP,0.3766557,0.139554,85.2,3,1,0,0,4.198927,0.8,21.33333,1
XEROX CORP,0.322005,0.12136,86.7,5,1,0,0,4.198927,0.8,21.33333,1
XEROX CORP,0.2834762,0.100763,91.4,6,1,0,0,4.198927,0.8,21.33333,1
XEROX CORP,0.2966833,0.125618,92.7,5,1,0,0,4.198927,0.8,21.33333,1
ZENITH ELECTRONICS CORP,0.4645282,0.19433,32,2,1,0,1,3.568305,2.38,21.1,0
ZENITH ELECTRONICS CORP,0.4772724,0.461717,27,2,1,0,1,3.568305,2.38,21.1,0
ZENITH ELECTRONICS CORP,0.5042985,0.790381,27.7,1,1,0,1,3.568305,2.38,21.1,0
ZENITH ELECTRONICS CORP,0.5111452,0.770689,25,1,1,0,1,3.568305,2.38,21.1,0
ZENITH ELECTRONICS CORP,0.4506418,0.526658,22.1,1,1,3,1,3.568305,2.38,21.1,0
ZENITH ELECTRONICS CORP,0.4563253,0.606769,22.5,1,1,1,1,3.568305,2.38,21.1,0
ZENITH ELECTRONICS CORP,0.3447736,0.295364,18.1,1,1,2,1,3.568305,2.38,21.1,0
ZENITH ELECTRONICS CORP,0.3280428,0.007696,15.9,5,1,0,1,3.568305,2.38,21.1,0
ZENITH ELECTRONICS CORP,0.2929079,0.365243,11.4,5,1,0,1,3.568305,2.38,21.1,0
ZENITH ELECTRONICS CORP,0.2845238,0.080943,6.8,4,1,0,1,3.568305,2.38,21.1,0
